PID,domain,personalization,warmth,condition,Warmth_Check,Personalization_Check,Risk,Financial_Risk,Performance_Risk,Psychological_Risk,Privacy_Risk,Cognitive_Trust,Emotional_Trust,Trust,Risk_Aversion,Chatbot_Experience,DEM3
647e5108e966c7cb5ec837cc,financial,0,1,C5,4.0,4.5,4.333333333333333,2.0,6.0,5.333333333333333,4.0,3.6666666666666665,2.3333333333333335,3.0,6.333333333333333,5,3
6a19b45a0d9316e04f4d5051,financial,1,1,C1,6.333333333333333,6.0,6.333333333333333,6.333333333333333,7.0,6.0,6.0,2.6666666666666665,2.0,2.3333333333333335,6.0,5,4
69ab04c8d8d7d94da9a2bb26,financial,0,0,C7,3.6666666666666665,1.5,4.416666666666667,4.666666666666667,5.333333333333333,6.666666666666667,1.0,4.0,1.3333333333333333,2.6666666666666665,6.0,4,2
69c3d83a5113fd4542376d77,retail,0,1,C6,4.333333333333333,4.0,5.333333333333333,6.0,6.333333333333333,5.666666666666667,3.3333333333333335,1.6666666666666667,1.0,1.3333333333333333,6.0,1,3
69c2be404cf8aacd205a44f0,retail,1,0,C4,4.666666666666667,7.0,4.416666666666667,1.3333333333333333,6.666666666666667,5.666666666666667,4.0,2.3333333333333335,3.3333333333333335,2.8333333333333335,6.333333333333333,5,3
69c649ad83e4ebc81f3f13a7,financial,1,0,C3,4.333333333333333,6.0,5.166666666666667,5.333333333333333,5.666666666666667,5.666666666666667,4.0,3.6666666666666665,3.0,3.3333333333333335,5.666666666666667,4,4
6a0465cab10e5866a381ad0c,retail,1,0,C4,4.333333333333333,5.5,3.8333333333333335,2.0,5.0,4.333333333333333,4.0,4.666666666666667,4.333333333333333,4.5,6.0,4,4
6a144f85166722583d5f2527,retail,0,0,C8,2.3333333333333335,2.0,4.75,5.666666666666667,6.333333333333333,2.0,5.0,1.6666666666666667,1.0,1.3333333333333333,5.0,5,4
64021ffc48c348ad188a2b9a,financial,0,1,C5,6.333333333333333,4.0,6.166666666666667,5.666666666666667,6.333333333333333,6.0,6.666666666666667,5.0,5.333333333333333,5.166666666666667,6.333333333333333,3,2
69f4df109c9f7a0f59a99bb1,retail,0,0,C8,4.666666666666667,3.5,5.25,5.333333333333333,6.0,5.0,4.666666666666667,4.0,2.3333333333333335,3.1666666666666665,5.666666666666667,5,4
6952dfd747efd6d8555144ec,financial,0,1,C5,6.0,2.0,2.5833333333333335,3.0,3.6666666666666665,1.6666666666666667,2.0,4.333333333333333,3.6666666666666665,4.0,5.333333333333333,4,3
664a3e253b2ce7fd07074af6,retail,1,1,C2,5.666666666666667,5.0,4.416666666666667,2.3333333333333335,4.333333333333333,4.666666666666667,6.333333333333333,5.666666666666667,5.0,5.333333333333333,4.333333333333333,4,2
69fc897aa45cfd7034bd73a6,retail,1,1,C2,3.3333333333333335,6.0,5.166666666666667,5.333333333333333,7.0,4.333333333333333,4.0,1.6666666666666667,1.0,1.3333333333333333,5.333333333333333,5,4
69d68547ec71b769d90e6f01,financial,1,0,C3,6.666666666666667,7.0,2.75,1.0,2.0,6.0,2.0,6.666666666666667,6.0,6.333333333333333,6.333333333333333,5,4
69c774d6fe1fd5feb7a85b1e,financial,1,1,C1,4.0,7.0,3.8333333333333335,3.6666666666666665,6.0,3.0,2.6666666666666665,4.333333333333333,4.666666666666667,4.5,5.666666666666667,5,2
6a1e265f0bf12bd855fc70cc,retail,0,1,C6,5.333333333333333,7.0,1.75,2.0,1.0,2.0,2.0,6.666666666666667,5.333333333333333,6.0,6.666666666666667,4,2
69c64b86fece518acb94e5ba,financial,1,0,C3,4.333333333333333,5.0,4.5,4.333333333333333,4.333333333333333,4.333333333333333,5.0,5.0,4.0,4.5,5.333333333333333,3,4
69f38aac999b77587a6782c4,retail,1,0,C4,6.333333333333333,6.5,3.3333333333333335,2.6666666666666665,3.6666666666666665,5.0,2.0,5.333333333333333,5.666666666666667,5.5,5.666666666666667,5,5
6a0ef8047ced1f4a753c3892,retail,0,1,C6,6.333333333333333,4.5,1.9166666666666667,1.3333333333333333,2.0,2.3333333333333335,2.0,4.666666666666667,5.333333333333333,5.0,5.0,4,2
6a1992036abe04dd844b44a8,financial,1,1,C1,5.666666666666667,5.5,4.75,4.333333333333333,5.666666666666667,4.333333333333333,4.666666666666667,4.333333333333333,4.666666666666667,4.5,4.666666666666667,5,3
61117220763b5799f3ccbc26,financial,1,1,C1,6.333333333333333,6.0,4.0,3.3333333333333335,3.3333333333333335,6.333333333333333,3.0,5.666666666666667,5.0,5.333333333333333,6.0,5,3
69b43e208adc84add048a84f,retail,0,1,C6,6.0,4.0,4.0,3.3333333333333335,4.666666666666667,3.3333333333333335,4.666666666666667,5.333333333333333,5.333333333333333,5.333333333333333,6.0,3,4
6a1d60356b6831025af40060,financial,0,0,C7,4.333333333333333,7.0,3.3333333333333335,4.0,4.0,3.3333333333333335,2.0,4.333333333333333,5.333333333333333,4.833333333333333,3.3333333333333335,2,3
611cf1bdedb7f038ac35526a,retail,0,0,C8,1.0,1.0,6.5,7.0,5.0,7.0,7.0,1.0,1.0,1.0,4.0,4,4
697ddc138e3cc212069d373a,financial,0,0,C7,5.666666666666667,4.0,4.25,3.0,4.666666666666667,5.0,4.333333333333333,5.0,5.0,5.0,5.0,5,5
671d58d9c6f5d2e81501eed8,retail,0,0,C8,5.333333333333333,5.5,4.583333333333333,4.0,6.0,3.0,5.333333333333333,6.0,5.333333333333333,5.666666666666667,6.666666666666667,2,3
69c6533b589b68932e77e884,retail,1,1,C2,1.6666666666666667,6.0,4.083333333333333,4.333333333333333,6.0,4.0,2.0,1.6666666666666667,2.0,1.8333333333333333,5.333333333333333,5,4
6a043e41ab39d8f988399ac8,retail,0,0,C8,3.3333333333333335,2.0,4.0,4.333333333333333,5.0,2.0,4.666666666666667,2.0,1.0,1.5,4.333333333333333,5,3
69c687079052276700277967,retail,0,1,C6,4.666666666666667,6.0,5.166666666666667,5.666666666666667,5.666666666666667,4.0,5.333333333333333,5.333333333333333,3.0,4.166666666666667,6.666666666666667,3,3
698ef7c01afc41123d3bbcac,retail,1,1,C2,3.3333333333333335,7.0,6.083333333333333,6.666666666666667,6.666666666666667,6.333333333333333,4.666666666666667,1.3333333333333333,1.0,1.1666666666666667,6.0,1,3
656895edd56e4fbea4e942c5,financial,0,0,C7,2.0,2.5,5.333333333333333,6.0,5.0,5.333333333333333,5.0,3.6666666666666665,2.3333333333333335,3.0,5.666666666666667,4,4
69d8c0b57598af78eb63225f,retail,1,0,C4,4.0,7.0,7.0,7.0,7.0,7.0,7.0,1.3333333333333333,1.0,1.1666666666666667,4.666666666666667,5,3
6a0b0400f4f46d6c770cb52c,retail,1,0,C4,3.0,5.5,4.333333333333333,4.0,5.0,3.3333333333333335,5.0,3.3333333333333335,2.0,2.6666666666666665,4.666666666666667,5,4
692757d86397971ab2c9dd9a,financial,1,0,C3,4.333333333333333,6.0,5.666666666666667,5.666666666666667,5.333333333333333,5.666666666666667,6.0,2.6666666666666665,2.0,2.3333333333333335,6.333333333333333,3,3
61225de289a21901cc579c54,financial,0,1,C5,5.666666666666667,4.0,4.333333333333333,4.0,6.333333333333333,5.0,2.0,1.6666666666666667,2.0,1.8333333333333333,5.666666666666667,4,3
69fc80f312356f1212161916,retail,1,1,C2,6.333333333333333,6.0,3.6666666666666665,3.3333333333333335,5.666666666666667,2.0,3.6666666666666665,5.0,5.333333333333333,5.166666666666667,6.666666666666667,2,2
6a0ec93ed08560fb4a2279e6,retail,1,1,C2,5.0,6.0,3.1666666666666665,2.0,3.6666666666666665,2.6666666666666665,4.333333333333333,5.0,5.333333333333333,5.166666666666667,6.0,5,3
69c667d462219643dc7acbbb,retail,1,0,C4,4.0,5.0,3.3333333333333335,3.0,4.333333333333333,2.3333333333333335,3.6666666666666665,4.666666666666667,4.666666666666667,4.666666666666667,6.0,5,4
65941adbf7a783d09091c626,financial,0,1,C5,3.0,4.0,4.5,5.0,5.0,3.6666666666666665,4.333333333333333,3.0,2.3333333333333335,2.6666666666666665,4.666666666666667,5,3
6a1eccc5dc71527e08ff7de5,financial,1,1,C1,6.0,6.0,5.5,6.333333333333333,6.333333333333333,4.333333333333333,5.0,1.3333333333333333,2.0,1.6666666666666667,6.333333333333333,4,2
6a05b7bf4e1aa63b357c33a1,financial,1,0,C3,4.333333333333333,7.0,3.75,4.666666666666667,3.6666666666666665,4.0,2.6666666666666665,6.0,5.666666666666667,5.833333333333333,6.333333333333333,4,4
6a0f5c692d4685ba6a4b61ad,financial,1,1,C1,6.0,7.0,5.416666666666667,5.333333333333333,5.333333333333333,5.666666666666667,5.333333333333333,4.0,4.0,4.0,6.0,5,4
69fe45c29704bf21e73ea130,financial,1,0,C3,2.6666666666666665,7.0,5.833333333333333,6.0,6.333333333333333,4.0,7.0,4.0,1.6666666666666667,2.8333333333333335,6.666666666666667,3,3
6a1a0345956af56ee0832727,financial,0,1,C5,5.666666666666667,5.0,4.75,4.333333333333333,4.666666666666667,5.666666666666667,4.333333333333333,5.0,4.333333333333333,4.666666666666667,4.666666666666667,5,3
69317ab4f3113d0c620b857d,retail,0,1,C6,6.333333333333333,3.5,4.166666666666667,4.0,5.0,3.3333333333333335,4.333333333333333,5.333333333333333,4.666666666666667,5.0,4.333333333333333,4,3
6a05b65b1773d2e7ddf20252,retail,1,0,C4,3.6666666666666665,5.5,5.0,6.0,5.0,5.666666666666667,3.3333333333333335,4.666666666666667,4.333333333333333,4.5,6.0,5,3
69df4acaa10b5f9a62fabf9a,financial,0,0,C7,5.666666666666667,3.5,3.0833333333333335,2.0,4.333333333333333,2.6666666666666665,3.3333333333333335,4.0,3.3333333333333335,3.6666666666666665,5.0,5,4
6a08c88942e79c3b46c690eb,financial,1,1,C1,4.333333333333333,5.5,4.75,3.6666666666666665,5.333333333333333,5.333333333333333,4.666666666666667,3.3333333333333335,3.0,3.1666666666666665,4.333333333333333,5,3
69989c409451970e079dbbc8,retail,1,1,C2,5.0,5.0,3.75,4.0,4.0,3.0,4.0,5.0,5.0,5.0,4.666666666666667,2,3
6a0721ea3c79acd2e585fe4b,retail,1,1,C2,5.333333333333333,6.0,3.3333333333333335,2.6666666666666665,4.0,4.666666666666667,2.0,6.333333333333333,4.666666666666667,5.5,6.666666666666667,4,3
69ea1ab239dc802cc4353025,retail,0,0,C8,3.6666666666666665,6.5,4.333333333333333,4.0,2.3333333333333335,5.333333333333333,5.666666666666667,6.0,3.3333333333333335,4.666666666666667,6.666666666666667,3,3
664362c10f229854ba056529,financial,1,1,C1,3.3333333333333335,5.5,4.833333333333333,5.333333333333333,5.0,5.0,4.0,2.0,2.0,2.0,6.0,5,3
69ef8b5a021ddbcdad727858,financial,1,1,C1,6.666666666666667,7.0,3.25,2.3333333333333335,4.333333333333333,2.3333333333333335,4.0,4.666666666666667,4.333333333333333,4.5,6.0,4,3
6924a007db29b647ac388efe,retail,0,0,C8,2.0,5.0,4.75,3.6666666666666665,6.333333333333333,3.6666666666666665,5.333333333333333,2.0,2.0,2.0,6.0,2,3
6a0ad888fdacce1745967bc1,retail,0,1,C6,4.666666666666667,6.0,4.166666666666667,3.6666666666666665,5.666666666666667,3.0,4.333333333333333,4.0,3.0,3.5,5.666666666666667,5,4
6936cd360252ba5b016b138f,financial,0,1,C5,7.0,4.5,3.4166666666666665,5.333333333333333,3.0,2.6666666666666665,2.6666666666666665,7.0,6.0,6.5,5.333333333333333,5,3
6924a342896f4c1242f3bb47,financial,0,0,C7,2.0,6.5,2.0,1.3333333333333333,4.666666666666667,1.0,1.0,6.0,5.333333333333333,5.666666666666667,5.0,5,3
6a036b31cb28a75cc74beef6,retail,0,1,C6,5.666666666666667,4.5,2.0833333333333335,1.0,4.333333333333333,1.0,2.0,4.666666666666667,5.0,4.833333333333333,5.666666666666667,5,2
6a0df8578cc86801285bd0b0,financial,1,0,C3,3.3333333333333335,6.5,3.75,4.0,4.333333333333333,3.6666666666666665,3.0,4.666666666666667,4.0,4.333333333333333,3.6666666666666665,5,5
699b2f5957de51259b0774fb,financial,0,0,C7,5.333333333333333,6.0,4.083333333333333,3.3333333333333335,5.0,4.0,4.0,5.666666666666667,5.333333333333333,5.5,6.0,5,3
6536b3fc4a34a7463d9b47e9,retail,0,0,C8,4.0,2.0,2.9166666666666665,2.3333333333333335,5.333333333333333,2.0,2.0,2.0,2.3333333333333335,2.1666666666666665,3.6666666666666665,5,4
69a710a68bee2b44d1c6f16b,financial,1,1,C1,2.6666666666666665,4.0,5.166666666666667,7.0,6.333333333333333,3.6666666666666665,3.6666666666666665,1.0,1.0,1.0,5.333333333333333,5,3
5aeade859e185a0001b9e5c4,retail,1,1,C2,5.0,6.0,4.916666666666667,4.333333333333333,5.333333333333333,6.0,4.0,4.0,3.0,3.5,6.0,5,3
6a058056d41441cb1d653c93,retail,0,1,C6,4.0,4.0,5.666666666666667,5.666666666666667,6.0,5.333333333333333,5.666666666666667,2.6666666666666665,2.0,2.3333333333333335,4.666666666666667,4,3
6744e4e1631660c9a450b670,financial,0,1,C5,5.333333333333333,2.5,4.916666666666667,3.6666666666666665,5.666666666666667,5.333333333333333,5.0,4.0,3.0,3.5,5.666666666666667,3,4
6a1a95c9eb655e7ffdf8b13e,retail,0,0,C8,3.6666666666666665,3.0,4.666666666666667,5.0,3.6666666666666665,5.0,5.0,4.666666666666667,3.6666666666666665,4.166666666666667,5.0,2,4
692833e619624c6f899ef420,financial,0,1,C5,2.0,1.5,4.416666666666667,5.333333333333333,4.0,5.666666666666667,2.6666666666666665,1.0,2.0,1.5,5.0,5,3
699899fad4dafc4a8c1cb92d,retail,1,0,C4,5.666666666666667,4.0,1.8333333333333333,2.0,2.0,1.0,2.3333333333333335,5.333333333333333,5.333333333333333,5.333333333333333,5.0,5,2
6a0af2dc9ee22ac23d19adb9,financial,1,1,C1,5.666666666666667,6.0,3.3333333333333335,3.3333333333333335,4.333333333333333,3.0,2.6666666666666665,4.0,3.0,3.5,4.0,5,4
65526a99cea08bbc02631734,financial,1,0,C3,1.6666666666666667,6.5,5.0,4.666666666666667,5.666666666666667,4.666666666666667,5.0,3.0,3.0,3.0,5.333333333333333,4,3
6a0098245653bd448798eb3b,financial,1,0,C3,4.0,7.0,5.25,5.333333333333333,5.666666666666667,5.666666666666667,4.333333333333333,3.6666666666666665,2.3333333333333335,3.0,5.333333333333333,5,4
69d640ffe6da280f494649aa,financial,0,1,C5,6.0,3.0,4.0,4.333333333333333,5.0,3.0,3.6666666666666665,6.0,6.0,6.0,5.666666666666667,5,2
69eb7789df00e7ce216efe05,retail,1,0,C4,5.666666666666667,5.5,2.6666666666666665,2.0,2.0,3.0,3.6666666666666665,6.666666666666667,6.0,6.333333333333333,5.666666666666667,5,2
5e282f3608bec2000cb31d5c,financial,1,0,C3,4.666666666666667,5.5,4.916666666666667,4.666666666666667,6.0,4.0,5.0,3.6666666666666665,3.6666666666666665,3.6666666666666665,4.333333333333333,3,3
69c648df74c8daa7d0339b4f,retail,0,0,C8,3.0,3.5,4.083333333333333,2.3333333333333335,6.0,6.0,2.0,3.0,2.0,2.5,6.0,5,3
5e6bcfa71a734802f3c6d5a0,financial,1,0,C3,3.6666666666666665,5.0,3.3333333333333335,3.0,4.333333333333333,3.0,3.0,5.0,5.0,5.0,6.666666666666667,5,4
65dcbb8f4813fe9a12999855,financial,1,1,C1,6.0,7.0,4.833333333333333,5.333333333333333,5.333333333333333,4.666666666666667,4.0,4.0,3.0,3.5,5.333333333333333,4,4
6a200990a4a74463385fb259,retail,0,1,C6,4.666666666666667,6.0,4.5,4.333333333333333,5.666666666666667,4.0,4.0,5.666666666666667,5.0,5.333333333333333,6.333333333333333,5,4
69666d71b79a0ed8cc3ab0df,retail,1,1,C2,4.333333333333333,5.5,4.75,5.0,5.333333333333333,5.666666666666667,3.0,2.0,1.6666666666666667,1.8333333333333333,5.666666666666667,2,4
69da3ea4046379a1f17ebb56,retail,0,0,C8,2.6666666666666665,2.0,3.75,2.6666666666666665,5.666666666666667,4.0,2.6666666666666665,2.6666666666666665,3.0,2.8333333333333335,4.666666666666667,5,4
6106e5fa2185277b70b2dc45,financial,0,0,C7,2.0,3.5,6.166666666666667,6.0,6.0,6.0,6.666666666666667,4.0,3.6666666666666665,3.8333333333333335,5.333333333333333,3,4
6a214f9bfb79711dc7e123c3,retail,0,1,C6,6.0,5.0,3.3333333333333335,2.0,4.0,3.3333333333333335,4.0,6.0,6.0,6.0,6.666666666666667,2,4
6a16b19f9d1b4201cf8f9682,financial,0,1,C5,6.666666666666667,1.0,4.333333333333333,5.0,4.0,4.333333333333333,4.0,4.0,4.333333333333333,4.166666666666667,4.333333333333333,4,4
6974888bb9b8979064a17d5d,financial,0,0,C7,1.0,3.5,4.5,6.333333333333333,4.666666666666667,3.3333333333333335,3.6666666666666665,1.6666666666666667,2.0,1.8333333333333333,5.0,5,3
65aa875386052c9fb9655d6f,retail,1,0,C4,7.0,7.0,3.9166666666666665,4.0,3.6666666666666665,4.0,4.0,4.0,5.0,4.5,5.333333333333333,5,3
6992e9222919cc576c881272,retail,0,0,C8,2.0,4.5,4.333333333333333,3.3333333333333335,6.0,4.333333333333333,3.6666666666666665,5.0,3.0,4.0,4.333333333333333,5,2
65997b0cb33f67b4dfc1844a,retail,1,0,C4,5.333333333333333,6.5,4.166666666666667,5.0,3.6666666666666665,5.666666666666667,2.3333333333333335,5.333333333333333,4.666666666666667,5.0,6.333333333333333,4,3
6a292944e9273ee50825cf13,financial,0,0,C7,2.3333333333333335,7.0,4.083333333333333,4.0,4.666666666666667,3.6666666666666665,4.0,3.6666666666666665,2.0,2.8333333333333335,4.0,4,2
6a1e9411c476108435a9885a,retail,1,1,C2,6.666666666666667,6.0,4.166666666666667,5.666666666666667,6.0,4.0,1.0,3.6666666666666665,2.6666666666666665,3.1666666666666665,6.0,3,4
69275a258e333daf225c468a,financial,1,1,C1,5.333333333333333,6.0,4.166666666666667,4.0,5.0,3.3333333333333335,4.333333333333333,3.0,3.6666666666666665,3.3333333333333335,5.333333333333333,3,4
6a159702b39f3ffff31f98db,financial,1,0,C3,1.6666666666666667,7.0,4.916666666666667,5.0,6.666666666666667,4.0,4.0,2.3333333333333335,1.3333333333333333,1.8333333333333333,5.333333333333333,4,4
69f67860ae570773093caab7,retail,1,1,C2,5.333333333333333,6.0,4.0,3.0,4.666666666666667,4.0,4.333333333333333,4.0,3.0,3.5,5.0,4,2
69e08850517d2b7b36779ed7,financial,0,1,C5,6.0,3.5,4.75,4.333333333333333,5.333333333333333,5.666666666666667,3.6666666666666665,3.6666666666666665,2.6666666666666665,3.1666666666666665,5.666666666666667,2,2
69c6766f2eb56f65852d687d,retail,0,1,C6,4.666666666666667,6.5,4.083333333333333,5.666666666666667,5.333333333333333,4.0,1.3333333333333333,2.3333333333333335,2.0,2.1666666666666665,6.0,4,3
6a1b46dbd2cb3bdab22a9e24,financial,1,1,C1,5.333333333333333,7.0,4.583333333333333,4.666666666666667,5.333333333333333,5.666666666666667,2.6666666666666665,3.3333333333333335,3.3333333333333335,3.3333333333333335,5.666666666666667,5,3
657767d604c0e2c2af826611,retail,1,1,C2,4.333333333333333,4.5,4.0,2.6666666666666665,5.666666666666667,4.666666666666667,3.0,2.3333333333333335,2.3333333333333335,2.3333333333333335,4.666666666666667,3,3
69efd29962215bd2871b3843,retail,0,0,C8,4.0,4.0,4.333333333333333,3.3333333333333335,6.333333333333333,5.666666666666667,2.0,2.0,2.0,2.0,6.0,2,4
6a0c4eb1cd075876a294bf30,financial,0,1,C5,5.666666666666667,4.0,3.9166666666666665,2.6666666666666665,4.666666666666667,5.333333333333333,3.0,4.0,2.6666666666666665,3.3333333333333335,6.0,2,3
6927f98c9553ed0ce1fdfc46,retail,1,1,C2,6.0,5.5,5.0,6.0,5.666666666666667,3.0,5.333333333333333,2.0,2.0,2.0,6.666666666666667,5,4
6a0ddb3479fbe6dfa9b573f8,financial,1,0,C3,4.333333333333333,5.5,5.166666666666667,4.333333333333333,4.333333333333333,6.0,6.0,4.666666666666667,4.333333333333333,4.5,5.666666666666667,4,4
69f085d191473ba44bd9a8ea,financial,0,0,C7,3.3333333333333335,1.0,4.833333333333333,4.333333333333333,5.666666666666667,3.3333333333333335,6.0,2.6666666666666665,3.0,2.8333333333333335,6.0,4,3
69a160554b3efde09dcec51a,financial,0,1,C5,6.0,6.0,2.75,3.0,2.0,3.0,3.0,6.0,6.0,6.0,6.0,5,2
69e67b89e2772bf6da1a1ddb,retail,0,0,C8,3.3333333333333335,5.5,3.1666666666666665,2.3333333333333335,3.6666666666666665,4.666666666666667,2.0,5.0,4.666666666666667,4.833333333333333,5.666666666666667,3,2
6a0ecf02fea629a6aafa9d4f,retail,0,1,C6,6.666666666666667,3.5,3.5,3.0,4.666666666666667,3.0,3.3333333333333335,4.666666666666667,4.333333333333333,4.5,5.666666666666667,5,3
69f79a6cc410fdaf108b9cd8,financial,1,1,C1,6.0,7.0,6.5,7.0,7.0,6.0,6.0,3.0,1.6666666666666667,2.3333333333333335,6.333333333333333,5,4
69a5fbaabe9f095b3da450ce,retail,0,1,C6,5.333333333333333,6.0,3.8333333333333335,3.3333333333333335,4.666666666666667,3.3333333333333335,4.0,5.666666666666667,4.666666666666667,5.166666666666667,6.0,4,3
698af64585b8036c6dcf9083,financial,1,0,C3,5.333333333333333,6.5,3.9166666666666665,3.3333333333333335,4.666666666666667,4.333333333333333,3.3333333333333335,3.3333333333333335,2.3333333333333335,2.8333333333333335,5.0,4,4
665483c8f374fe636a63ddc5,retail,1,0,C4,3.3333333333333335,6.0,5.833333333333333,6.0,6.666666666666667,5.333333333333333,5.333333333333333,5.0,4.666666666666667,4.833333333333333,5.666666666666667,5,4
63359b3bffb1f6a9f45b7c60,retail,0,1,C6,5.666666666666667,5.0,4.333333333333333,4.666666666666667,5.333333333333333,5.666666666666667,1.6666666666666667,3.6666666666666665,3.3333333333333335,3.5,5.666666666666667,4,3
699d9fdcdfb9b5c06b1319d7,retail,1,1,C2,5.0,7.0,6.583333333333333,5.666666666666667,7.0,7.0,6.666666666666667,1.3333333333333333,1.0,1.1666666666666667,6.666666666666667,2,3
69d935ff8a401c6e250a1c5a,financial,0,0,C7,4.0,4.0,2.5833333333333335,2.3333333333333335,3.0,2.0,3.0,5.333333333333333,5.0,5.166666666666667,5.333333333333333,4,3
6a16f2e5adbf285c30dd5a8f,financial,1,1,C1,5.666666666666667,3.0,3.5833333333333335,4.333333333333333,7.0,2.0,1.0,1.0,1.3333333333333333,1.1666666666666667,5.333333333333333,5,4
69f0aaf29b6433fde13fe898,financial,0,0,C7,6.333333333333333,7.0,3.1666666666666665,3.3333333333333335,2.6666666666666665,2.0,4.666666666666667,6.333333333333333,6.666666666666667,6.5,4.0,4,1
69ad388b63979c96dc085507,retail,1,0,C4,1.3333333333333333,6.0,5.5,6.333333333333333,7.0,2.6666666666666665,6.0,1.0,1.0,1.0,5.666666666666667,5,4
699485a587172681fc1a5e62,financial,1,0,C3,3.0,5.5,4.25,4.666666666666667,5.666666666666667,4.333333333333333,2.3333333333333335,3.6666666666666665,3.6666666666666665,3.6666666666666665,5.666666666666667,5,4
69e73972999e1a02eccd90d3,retail,0,1,C6,4.666666666666667,4.0,3.0833333333333335,2.0,4.666666666666667,3.0,2.6666666666666665,4.0,3.0,3.5,4.0,4,4
69f21ca59f25e2a959c2ec78,financial,0,1,C5,3.0,3.0,3.75,3.3333333333333335,4.333333333333333,3.6666666666666665,3.6666666666666665,4.0,3.3333333333333335,3.6666666666666665,5.666666666666667,5,4
6a02d2f3cef83d57f2b110ba,retail,1,1,C2,7.0,7.0,3.75,4.0,4.0,4.0,3.0,6.0,6.0,6.0,5.666666666666667,5,2
69c2d00c1b21c151436a2024,retail,0,0,C8,4.666666666666667,5.5,4.333333333333333,2.3333333333333335,5.0,4.0,6.0,5.0,4.333333333333333,4.666666666666667,5.0,4,3
6a1b48a171e0eceb1ee8d11d,financial,1,1,C1,5.0,7.0,5.166666666666667,5.666666666666667,6.0,6.0,3.0,4.666666666666667,4.0,4.333333333333333,6.333333333333333,4,4
69e9383d80f6eb5fcc2d3035,financial,0,0,C7,6.333333333333333,6.0,2.8333333333333335,2.6666666666666665,6.666666666666667,1.0,1.0,4.333333333333333,7.0,5.666666666666667,6.666666666666667,5,2
6a1ff0593346cd0a41a8fbb9,retail,1,0,C4,4.0,6.0,2.5833333333333335,2.0,4.0,2.0,2.3333333333333335,6.0,6.0,6.0,5.666666666666667,5,3
6a0020ff7078ad50200b902a,retail,0,0,C8,4.0,2.0,4.5,6.0,4.0,3.0,5.0,4.333333333333333,4.0,4.166666666666667,6.0,5,3
69b44fc71eb2ab1e5ce8cc3a,retail,1,1,C2,7.0,7.0,4.166666666666667,3.3333333333333335,4.666666666666667,4.666666666666667,4.0,6.0,5.0,5.5,6.0,3,3
6a22f9da8a63beac724a82f6,financial,1,0,C3,3.6666666666666665,5.5,5.333333333333333,4.333333333333333,5.666666666666667,5.333333333333333,6.0,4.0,3.0,3.5,5.0,5,3
6a006ddd9674e137588b8868,retail,1,1,C2,5.666666666666667,6.5,4.0,3.3333333333333335,4.333333333333333,4.666666666666667,3.6666666666666665,5.0,4.0,4.5,5.666666666666667,5,3
6a1821d41960b4c1cf849d4d,financial,0,1,C5,6.0,2.0,5.0,5.0,5.333333333333333,6.333333333333333,3.3333333333333335,4.666666666666667,2.3333333333333335,3.5,6.666666666666667,5,2
6a03217c49b79c097a29e8e0,financial,0,0,C7,6.0,5.5,3.25,3.0,4.0,4.0,2.0,4.666666666666667,3.6666666666666665,4.166666666666667,6.0,4,3
66d46d9f11f154596d2f11c9,retail,0,0,C8,5.666666666666667,5.0,5.333333333333333,4.666666666666667,5.666666666666667,5.666666666666667,5.333333333333333,3.6666666666666665,2.3333333333333335,3.0,5.0,4,3
69668c7dc4a0ae8f5d19bf22,financial,1,1,C1,6.0,7.0,4.5,5.0,3.6666666666666665,4.333333333333333,5.0,6.0,5.666666666666667,5.833333333333333,5.0,5,3
6a0cc39f5c0335314e1d728a,financial,1,1,C1,7.0,5.5,5.833333333333333,6.333333333333333,7.0,5.0,5.0,4.0,2.0,3.0,6.0,5,3
69f096cb3c691eca3f15b42f,financial,0,1,C5,6.333333333333333,4.5,5.416666666666667,5.666666666666667,5.666666666666667,5.333333333333333,5.0,4.666666666666667,3.0,3.8333333333333335,6.0,5,4
64581c19e5e95ab59f07be23,financial,0,0,C7,2.6666666666666665,5.0,3.9166666666666665,4.0,5.0,2.3333333333333335,4.333333333333333,6.0,4.0,5.0,5.0,4,3
6a16a9a9f9fe93f3b78e8bc9,financial,1,0,C3,2.6666666666666665,6.0,4.583333333333333,5.333333333333333,4.666666666666667,6.333333333333333,2.0,4.666666666666667,3.3333333333333335,4.0,6.333333333333333,5,2
69f86b805b67083bfc8790d8,financial,1,0,C3,4.333333333333333,6.0,3.5,4.0,3.6666666666666665,3.0,3.3333333333333335,5.666666666666667,5.333333333333333,5.5,5.333333333333333,3,4
6a0713910b706cb645b879c2,retail,1,0,C4,3.0,7.0,4.916666666666667,6.333333333333333,6.333333333333333,2.0,5.0,2.3333333333333335,1.0,1.6666666666666667,5.333333333333333,3,3
65980bab1211fc800b609b7f,retail,0,1,C6,4.333333333333333,3.5,4.416666666666667,3.6666666666666665,6.0,4.666666666666667,3.3333333333333335,5.333333333333333,3.0,4.166666666666667,5.333333333333333,5,4
5f9349d2639fd910cec7819e,retail,0,0,C8,1.0,2.5,5.5,5.666666666666667,7.0,5.0,4.333333333333333,1.3333333333333333,1.0,1.1666666666666667,6.0,4,3
6a19674b9ba62ea294b93ab8,retail,0,1,C6,2.3333333333333335,3.0,3.8333333333333335,1.6666666666666667,5.666666666666667,5.333333333333333,2.6666666666666665,3.3333333333333335,4.666666666666667,4.0,6.0,5,4
69f9d12dca15089cb11cf0e9,retail,1,0,C4,5.666666666666667,6.0,3.9166666666666665,3.3333333333333335,6.333333333333333,3.0,3.0,4.333333333333333,1.3333333333333333,2.8333333333333335,4.333333333333333,5,4
66a5e349e3e5dc31b47ef2a9,financial,0,1,C5,5.0,1.0,4.416666666666667,4.0,5.333333333333333,3.0,5.333333333333333,2.3333333333333335,4.333333333333333,3.3333333333333335,5.333333333333333,5,4
5894f21fb1a4ae0001ce5532,financial,0,0,C7,1.6666666666666667,1.0,6.416666666666667,7.0,7.0,6.0,5.666666666666667,2.3333333333333335,1.0,1.6666666666666667,7.0,1,2
69c7f737b7eae1f962b0a74a,financial,1,1,C1,6.0,7.0,5.666666666666667,6.0,6.0,4.666666666666667,6.0,3.0,2.3333333333333335,2.6666666666666665,6.666666666666667,4,4
6a1ef1c75f2c2c8cec6c5728,financial,1,0,C3,3.0,7.0,4.666666666666667,4.333333333333333,5.333333333333333,5.0,4.0,5.666666666666667,3.6666666666666665,4.666666666666667,5.666666666666667,5,3
69fd0f61c49c94ce9289e31d,retail,0,0,C8,4.333333333333333,5.0,5.0,4.666666666666667,6.0,4.333333333333333,5.0,3.6666666666666665,3.0,3.3333333333333335,5.333333333333333,5,3
6a218abf81a14a84392c4266,retail,1,1,C2,6.0,7.0,5.5,6.333333333333333,6.0,4.666666666666667,5.0,5.0,4.0,4.5,6.333333333333333,4,4
69b43918e98d73bfbaa561d9,financial,0,1,C5,5.666666666666667,4.5,4.083333333333333,4.0,4.333333333333333,3.0,5.0,5.333333333333333,5.333333333333333,5.333333333333333,6.0,4,2
6a1564a7e6b8941b66f05a25,financial,0,0,C7,3.6666666666666665,3.5,4.0,4.0,3.3333333333333335,4.333333333333333,4.333333333333333,3.3333333333333335,3.6666666666666665,3.5,3.3333333333333335,5,2
6a218a9327ee06b683e9e1e4,financial,1,1,C1,4.333333333333333,5.5,4.166666666666667,3.6666666666666665,5.333333333333333,6.0,1.6666666666666667,4.0,2.3333333333333335,3.1666666666666665,4.0,5,2
69fc4bef46561e1a5b88843b,retail,0,1,C6,5.666666666666667,2.5,4.0,3.6666666666666665,5.333333333333333,4.0,3.0,3.3333333333333335,3.3333333333333335,3.3333333333333335,6.333333333333333,4,2
6a1065ec0a74252b6cffedc4,financial,1,1,C1,6.0,5.5,4.333333333333333,5.666666666666667,4.0,5.333333333333333,2.3333333333333335,4.333333333333333,3.0,3.6666666666666665,4.666666666666667,5,2
6992f383505a0a405ce49f21,financial,1,0,C3,2.6666666666666665,5.5,3.5833333333333335,3.6666666666666665,4.0,2.6666666666666665,4.0,4.0,3.0,3.5,5.666666666666667,2,2
668a9c8a677dc562a445cf82,financial,1,0,C3,4.0,6.0,4.333333333333333,3.0,4.333333333333333,4.666666666666667,5.333333333333333,4.333333333333333,4.333333333333333,4.333333333333333,5.666666666666667,5,3
6a0c3e77592ba3a0896e4f87,retail,1,0,C4,3.0,5.0,4.083333333333333,4.333333333333333,4.0,4.333333333333333,3.6666666666666665,6.0,5.0,5.5,5.333333333333333,3,3
6a203e92a7dcea15bc972754,retail,0,1,C6,6.333333333333333,5.5,4.916666666666667,5.333333333333333,5.333333333333333,4.0,5.0,6.0,5.333333333333333,5.666666666666667,6.0,4,2
6a19331a21d46af6689b1495,financial,0,1,C5,5.666666666666667,2.0,5.25,3.6666666666666665,6.0,5.333333333333333,6.0,3.3333333333333335,2.0,2.6666666666666665,6.333333333333333,4,3
5f2be3f5d81eaf0009520f8b,retail,0,1,C6,6.0,5.0,3.3333333333333335,3.0,4.0,2.0,4.333333333333333,4.0,4.0,4.0,5.0,4,4
6a0ae584896adcb94ce62cf5,retail,1,1,C2,5.666666666666667,6.5,4.75,4.0,6.333333333333333,4.666666666666667,4.0,3.3333333333333335,3.0,3.1666666666666665,6.0,5,3
6a258994cf10366cf69d6440,financial,0,0,C7,2.0,5.5,5.083333333333333,6.0,4.333333333333333,4.333333333333333,5.666666666666667,3.6666666666666665,2.0,2.8333333333333335,6.0,5,3
6a01b1f06096535736fff14e,financial,0,0,C7,2.0,4.0,3.75,3.6666666666666665,4.666666666666667,3.6666666666666665,3.0,4.0,3.0,3.5,5.666666666666667,4,3
6a2020238fe0cf26f141a6c6,financial,0,1,C5,6.0,5.5,4.0,3.3333333333333335,4.666666666666667,5.0,3.0,4.666666666666667,4.666666666666667,4.666666666666667,4.666666666666667,4,4
6a048bbded6c8c8f628348bc,retail,1,1,C2,6.333333333333333,6.0,3.9166666666666665,4.0,4.0,5.666666666666667,2.0,5.333333333333333,5.333333333333333,5.333333333333333,6.666666666666667,5,4
6a16f1e793ad0c91db737246,financial,1,1,C1,5.333333333333333,6.0,6.25,6.0,6.0,7.0,6.0,3.6666666666666665,3.0,3.3333333333333335,7.0,3,4
6992efa3ad9328a0f6080256,retail,0,0,C8,6.666666666666667,5.5,1.8333333333333333,2.3333333333333335,2.3333333333333335,1.6666666666666667,1.0,6.333333333333333,6.0,6.166666666666667,5.333333333333333,5,3
698dbc4fdc7c6657b01b6476,financial,1,0,C3,1.6666666666666667,5.5,4.416666666666667,4.333333333333333,5.0,4.0,4.333333333333333,3.3333333333333335,3.3333333333333335,3.3333333333333335,5.0,5,3
6a0b26196a3c06e70eb52c3f,retail,1,0,C4,3.0,7.0,2.25,1.3333333333333333,3.6666666666666665,2.0,2.0,4.666666666666667,3.3333333333333335,4.0,5.0,2,3
697a48dee4b151b0b243fe15,retail,1,1,C2,4.0,5.0,4.583333333333333,4.0,5.333333333333333,4.0,5.0,3.6666666666666665,2.3333333333333335,3.0,6.0,4,2
6325f78e2449742833a90778,retail,0,0,C8,4.0,1.0,5.333333333333333,4.333333333333333,7.0,6.0,4.0,1.3333333333333333,1.3333333333333333,1.3333333333333333,5.666666666666667,2,3
69f515ce6f4be5a183e222ab,financial,0,1,C5,5.333333333333333,4.5,4.583333333333333,4.333333333333333,4.666666666666667,4.666666666666667,4.666666666666667,4.333333333333333,6.0,5.166666666666667,4.333333333333333,4,2
6a09d787b4cc3e68843522aa,financial,1,1,C1,6.0,6.5,2.5,2.0,3.6666666666666665,2.6666666666666665,1.6666666666666667,5.333333333333333,5.0,5.166666666666667,5.333333333333333,4,4
69f07caef3f850b7bc5f02d4,financial,0,1,C5,6.0,5.0,3.9166666666666665,5.0,4.666666666666667,2.0,4.0,4.0,4.666666666666667,4.333333333333333,4.666666666666667,5,3
6a0f56d53a4972693ec89ec0,financial,1,0,C3,5.666666666666667,5.5,3.25,3.6666666666666665,3.6666666666666665,3.0,2.6666666666666665,6.0,5.333333333333333,5.666666666666667,5.333333333333333,3,3
698a58f718cf71db398a09b1,retail,0,1,C6,4.333333333333333,4.0,4.583333333333333,3.6666666666666665,6.0,4.333333333333333,4.333333333333333,2.0,2.3333333333333335,2.1666666666666665,4.666666666666667,5,4
6a19e4f19794627e4e31d2ab,retail,1,0,C4,5.0,6.0,3.3333333333333335,3.0,4.0,4.333333333333333,2.0,2.3333333333333335,2.3333333333333335,2.3333333333333335,6.0,5,2
6a2000c560ceace22cc376d4,retail,1,0,C4,1.0,5.0,5.083333333333333,5.0,6.0,5.333333333333333,4.0,1.0,1.0,1.0,3.0,4,3
69a4af3b2c209d14776dc998,retail,1,1,C2,4.666666666666667,6.0,4.75,3.0,6.0,5.333333333333333,4.666666666666667,4.333333333333333,3.6666666666666665,4.0,6.0,5,3
6979e3706906994f0325fa27,retail,0,0,C8,6.333333333333333,6.0,3.9166666666666665,5.0,4.333333333333333,5.333333333333333,1.0,6.0,5.0,5.5,6.333333333333333,5,2
69f5f04824aea00518fe58c4,financial,1,0,C3,3.3333333333333335,5.5,3.4166666666666665,4.666666666666667,5.0,2.0,2.0,4.666666666666667,4.0,4.333333333333333,5.0,5,2
6a1eef7f0aefb56e22de4d7e,financial,1,1,C1,6.0,7.0,5.75,6.333333333333333,5.0,5.666666666666667,6.0,2.0,2.0,2.0,5.666666666666667,5,3
69c64b4c425d080c6efa766d,retail,0,0,C8,6.0,6.0,3.3333333333333335,3.3333333333333335,3.6666666666666665,3.6666666666666665,2.6666666666666665,5.333333333333333,4.0,4.666666666666667,6.0,4,3
659aafba3478a86d814546aa,retail,0,1,C6,3.6666666666666665,5.0,4.666666666666667,4.666666666666667,5.0,4.666666666666667,4.333333333333333,4.333333333333333,4.333333333333333,4.333333333333333,4.333333333333333,4,3
6a200104583a811d9267af02,retail,0,0,C8,5.333333333333333,6.0,4.666666666666667,5.333333333333333,4.333333333333333,5.0,4.0,4.0,4.0,4.0,6.333333333333333,2,3
6a033edc6bb4d2a26ba75a5e,retail,1,0,C4,5.666666666666667,7.0,2.8333333333333335,2.0,2.3333333333333335,3.3333333333333335,3.6666666666666665,5.0,4.666666666666667,4.833333333333333,6.333333333333333,4,2
6a1eb096c202612c81ea3733,retail,0,1,C6,6.0,5.5,3.3333333333333335,2.3333333333333335,3.6666666666666665,3.3333333333333335,4.0,5.0,5.0,5.0,6.0,4,4
6a113d660c39f4e37335764c,financial,1,0,C3,2.6666666666666665,5.0,3.5,3.3333333333333335,5.0,2.6666666666666665,3.0,4.0,2.0,3.0,5.0,4,4
69fd9ccf98282cdcc63dd71b,financial,1,1,C1,4.333333333333333,6.0,5.333333333333333,5.666666666666667,6.0,4.666666666666667,5.0,1.6666666666666667,2.3333333333333335,2.0,4.666666666666667,4,3
69e271ba122c2173e27b82d0,retail,0,0,C8,4.0,3.5,4.166666666666667,3.6666666666666665,5.0,4.0,4.0,3.0,3.3333333333333335,3.1666666666666665,5.0,5,3
69760e5b7078255c3595ea3a,financial,0,0,C7,3.3333333333333335,6.0,3.9166666666666665,3.6666666666666665,6.0,3.3333333333333335,2.6666666666666665,5.0,4.0,4.5,5.0,3,4
6a02e852303e6c18e9db04a0,financial,0,1,C5,3.0,4.5,5.25,4.0,5.666666666666667,5.666666666666667,5.666666666666667,3.0,3.3333333333333335,3.1666666666666665,5.666666666666667,4,3
69ef1c32771bfb650d829e71,financial,0,0,C7,3.6666666666666665,4.0,4.25,3.6666666666666665,4.333333333333333,4.0,5.0,4.333333333333333,4.0,4.166666666666667,4.666666666666667,5,4
6a213d19a8cf477ae3f3fb03,retail,1,0,C4,2.3333333333333335,6.0,3.4166666666666665,2.6666666666666665,4.333333333333333,3.3333333333333335,3.3333333333333335,6.0,6.0,6.0,5.333333333333333,5,3
6a0b265ebe43fbbabbdb11d4,financial,0,1,C5,4.0,2.5,4.666666666666667,4.666666666666667,5.0,4.0,5.0,3.0,3.0,3.0,5.333333333333333,5,2
6a22a00dae0a7b36cbbd0440,retail,1,0,C4,5.333333333333333,3.5,4.416666666666667,3.0,5.0,5.0,4.666666666666667,4.333333333333333,4.333333333333333,4.333333333333333,5.666666666666667,5,2
699c9bf34b597daf684e1619,retail,0,0,C8,5.0,5.0,3.0833333333333335,3.0,3.6666666666666665,3.6666666666666665,2.0,5.0,4.333333333333333,4.666666666666667,7.0,5,4
69fcd1ce8a740ae533145bbd,financial,1,0,C3,4.666666666666667,7.0,5.083333333333333,3.6666666666666665,6.0,5.0,5.666666666666667,5.333333333333333,5.0,5.166666666666667,6.666666666666667,4,4
6a170a03213f88052172b560,retail,1,1,C2,4.666666666666667,6.0,4.583333333333333,4.666666666666667,4.666666666666667,4.333333333333333,4.666666666666667,2.3333333333333335,3.3333333333333335,2.8333333333333335,6.0,5,3
69c7c1eef45f55c2902ba749,retail,0,1,C6,5.333333333333333,4.0,5.166666666666667,5.333333333333333,4.666666666666667,5.333333333333333,5.333333333333333,5.0,3.0,4.0,5.666666666666667,5,3
6a16fe9774da4d3996f610e6,retail,0,1,C6,4.0,3.5,3.75,3.6666666666666665,4.333333333333333,3.0,4.0,2.6666666666666665,3.0,2.8333333333333335,5.333333333333333,5,3
6a0a0d49d649ab8e58af8276,financial,1,0,C3,3.3333333333333335,6.0,4.166666666666667,4.333333333333333,5.0,4.0,3.3333333333333335,4.333333333333333,4.333333333333333,4.333333333333333,3.3333333333333335,4,4
693141210a6ef0fb3823f0de,retail,1,0,C4,5.666666666666667,6.0,3.6666666666666665,3.0,5.0,3.0,3.6666666666666665,6.0,5.333333333333333,5.666666666666667,5.666666666666667,5,3
6a09fa426d84f6041d04f99b,retail,0,0,C8,3.0,2.5,4.416666666666667,4.0,5.0,4.666666666666667,4.0,3.3333333333333335,3.0,3.1666666666666665,7.0,5,4
6a049f1b81797d30e6e5780a,financial,1,0,C3,5.0,7.0,4.916666666666667,4.666666666666667,4.666666666666667,5.0,5.333333333333333,5.333333333333333,3.6666666666666665,4.5,7.0,4,3
69ee3964b3154fd829f9e38f,retail,1,0,C4,5.333333333333333,6.0,4.5,3.0,6.0,3.0,6.0,4.333333333333333,4.666666666666667,4.5,5.333333333333333,5,4
69ab03c51b23bb8f4c7e86c0,retail,1,1,C2,5.333333333333333,5.0,4.333333333333333,5.333333333333333,5.0,2.6666666666666665,4.333333333333333,3.3333333333333335,4.0,3.6666666666666665,5.0,5,3
5e9c5c24b8fbf31830b9fcbd,retail,0,0,C8,4.333333333333333,5.5,3.25,2.0,4.0,5.0,2.0,5.0,5.0,5.0,6.0,4,4
6a2010e46628e3bb00d0cb40,financial,0,0,C7,2.3333333333333335,5.0,4.0,4.666666666666667,5.333333333333333,4.0,2.0,3.0,2.3333333333333335,2.6666666666666665,5.0,5,4
69c2ec6fbe0115e5a4511f2e,financial,0,0,C7,2.3333333333333335,5.5,4.583333333333333,3.3333333333333335,7.0,1.0,7.0,2.6666666666666665,1.0,1.8333333333333333,6.666666666666667,4,3
69afcf4a817e27bdda638520,financial,1,1,C1,3.3333333333333335,6.0,6.75,7.0,7.0,6.333333333333333,6.666666666666667,1.0,1.0,1.0,6.0,4,2
6968de5e30aa9ef308e05bda,financial,0,0,C7,4.666666666666667,4.0,4.916666666666667,4.666666666666667,5.666666666666667,5.333333333333333,4.0,5.333333333333333,4.666666666666667,5.0,5.333333333333333,5,3
69c2dd685d6bf0d289ed4126,retail,0,0,C8,5.333333333333333,6.0,4.666666666666667,5.666666666666667,5.666666666666667,5.666666666666667,1.6666666666666667,3.6666666666666665,2.3333333333333335,3.0,6.666666666666667,5,2
69de5094dabaec4c0743e645,financial,0,1,C5,6.0,6.0,2.75,3.0,3.6666666666666665,2.3333333333333335,2.0,5.333333333333333,5.0,5.166666666666667,6.666666666666667,5,4
69e21d3be89402ea6667b9de,financial,0,1,C5,5.666666666666667,5.5,3.8333333333333335,2.0,5.333333333333333,5.0,3.0,4.0,2.6666666666666665,3.3333333333333335,5.0,4,2
631f3efc421b62ec482fdcb8,financial,1,0,C3,5.666666666666667,5.5,4.583333333333333,4.0,4.666666666666667,4.666666666666667,5.0,6.0,5.0,5.5,5.333333333333333,4,4
69a141f141d1ea6a25e606b5,retail,1,0,C4,5.0,6.0,3.1666666666666665,2.0,4.0,3.3333333333333335,3.3333333333333335,5.0,5.333333333333333,5.166666666666667,5.666666666666667,5,4
696016fa2100b999a170a8cf,financial,1,1,C1,3.3333333333333335,5.5,4.166666666666667,3.6666666666666665,4.666666666666667,4.0,4.333333333333333,4.333333333333333,4.0,4.166666666666667,6.0,5,4
69f634237869fba62d9d2022,retail,0,1,C6,4.666666666666667,5.0,3.9166666666666665,3.6666666666666665,4.0,3.6666666666666665,4.333333333333333,3.3333333333333335,2.3333333333333335,2.8333333333333335,5.666666666666667,5,4
6a25d7584aef73b5b63e19e1,retail,0,1,C6,6.333333333333333,5.5,2.5,1.6666666666666667,2.3333333333333335,4.0,2.0,5.666666666666667,5.0,5.333333333333333,5.0,4,3
6a03a350e14a433d5d03f9f3,financial,1,0,C3,3.0,4.5,4.25,5.0,6.0,4.0,2.0,2.0,2.0,2.0,5.333333333333333,5,4
6310cc34a290f2ad41540f08,financial,0,0,C7,4.666666666666667,4.0,2.9166666666666665,3.6666666666666665,3.0,3.0,2.0,5.0,5.0,5.0,5.333333333333333,4,3
5796466d25cb71000128b16c,financial,1,0,C3,6.0,7.0,4.916666666666667,5.0,3.6666666666666665,5.333333333333333,5.666666666666667,4.333333333333333,3.6666666666666665,4.0,5.333333333333333,5,2
698a4495274ef2661ca769e4,financial,0,0,C7,3.6666666666666665,2.0,5.25,4.333333333333333,6.0,5.666666666666667,5.0,2.0,2.3333333333333335,2.1666666666666665,6.0,4,5
69f893aa86c341c67f680f18,financial,1,0,C3,2.6666666666666665,7.0,4.0,3.3333333333333335,5.333333333333333,5.666666666666667,1.6666666666666667,4.666666666666667,3.6666666666666665,4.166666666666667,6.666666666666667,4,2
696cb3d00a3806843dbdc148,retail,1,1,C2,5.333333333333333,7.0,4.0,2.0,5.333333333333333,5.333333333333333,3.3333333333333335,3.0,2.0,2.5,5.0,3,4
6a1fd97bbfb8c07844391f32,retail,1,1,C2,6.666666666666667,7.0,3.25,2.0,5.0,4.0,2.0,4.666666666666667,3.0,3.8333333333333335,6.333333333333333,5,4
6995bc61fdf73479bdc03c03,retail,1,0,C4,4.333333333333333,7.0,5.083333333333333,2.6666666666666665,6.0,5.666666666666667,6.0,5.0,3.0,4.0,5.666666666666667,5,2
696672d7320b0c3029a349e3,financial,0,1,C5,4.333333333333333,2.5,4.416666666666667,4.666666666666667,6.333333333333333,3.6666666666666665,3.0,2.0,2.3333333333333335,2.1666666666666665,5.333333333333333,4,4
6310c896b04fc2309e34b1f7,financial,0,0,C7,3.0,5.0,5.333333333333333,5.0,6.0,4.333333333333333,6.0,4.0,3.0,3.5,4.666666666666667,5,4
69f36e95f42b3aca7358453b,financial,1,1,C1,6.666666666666667,6.0,4.666666666666667,5.666666666666667,5.0,5.333333333333333,2.6666666666666665,4.333333333333333,4.0,4.166666666666667,6.0,3,4
69ca8c49117dbea00ce5a281,retail,1,1,C2,6.333333333333333,7.0,4.916666666666667,5.333333333333333,5.666666666666667,5.333333333333333,3.3333333333333335,4.0,2.0,3.0,5.666666666666667,4,2
659eb79e5a25804f46b56cae,retail,0,0,C8,4.0,5.0,4.166666666666667,4.333333333333333,4.666666666666667,3.6666666666666665,4.0,3.6666666666666665,3.0,3.3333333333333335,5.666666666666667,1,4
6992eb901b0d70d72cf602fd,retail,0,1,C6,5.0,5.5,4.166666666666667,3.3333333333333335,4.0,5.0,4.333333333333333,4.333333333333333,4.333333333333333,4.333333333333333,6.0,4,4
6a20073e45e2489432df0545,financial,0,1,C5,6.0,3.0,3.8333333333333335,3.3333333333333335,4.333333333333333,5.0,2.6666666666666665,4.666666666666667,3.6666666666666665,4.166666666666667,5.666666666666667,4,4
5e73f574163a03039f576ab7,retail,1,0,C4,5.0,7.0,1.1666666666666667,1.0,1.0,1.0,1.6666666666666667,6.666666666666667,6.0,6.333333333333333,6.666666666666667,5,3
6a16aaa819316d157d3eab7c,retail,0,0,C8,4.0,5.5,4.583333333333333,3.0,6.0,4.333333333333333,5.0,2.0,2.0,2.0,5.333333333333333,5,3
6a0626525169c79bd9bc5d9b,retail,1,1,C2,6.666666666666667,6.5,3.5833333333333335,2.0,4.666666666666667,4.333333333333333,3.3333333333333335,7.0,7.0,7.0,6.0,4,3
69c592fe31a330bc74397647,financial,1,0,C3,6.0,6.0,2.8333333333333335,3.0,3.3333333333333335,3.0,2.0,5.0,5.0,5.0,6.0,4,2
6a0391e7561e6495aaa8b708,retail,0,1,C6,5.333333333333333,5.0,1.9166666666666667,2.0,2.0,1.0,2.6666666666666665,5.666666666666667,5.666666666666667,5.666666666666667,6.333333333333333,5,3
6509d823ba8e80eb6d142f52,retail,0,1,C6,5.333333333333333,6.5,5.583333333333333,4.0,4.333333333333333,7.0,7.0,5.333333333333333,2.0,3.6666666666666665,6.0,3,4
663ccaf939c0ff759ad0d235,financial,1,1,C1,6.0,7.0,3.4166666666666665,3.0,3.3333333333333335,4.333333333333333,3.0,4.666666666666667,5.0,4.833333333333333,5.0,4,3
6a06dd194f115de8262ae9ae,financial,0,1,C5,2.6666666666666665,2.0,4.833333333333333,3.3333333333333335,5.333333333333333,6.666666666666667,4.0,4.0,2.3333333333333335,3.1666666666666665,6.0,3,2
6a1f27adfb41c89f3aa43b5d,financial,0,0,C7,5.0,2.0,5.333333333333333,6.0,5.333333333333333,5.333333333333333,4.666666666666667,4.666666666666667,3.3333333333333335,4.0,4.666666666666667,5,5
6a19cfddf124a91113c6b482,financial,1,1,C1,7.0,7.0,4.083333333333333,2.3333333333333335,4.666666666666667,5.0,4.333333333333333,5.333333333333333,5.333333333333333,5.333333333333333,6.666666666666667,5,3
64543fa5dfed1d0ba8024957,retail,1,0,C4,3.0,7.0,4.833333333333333,5.0,5.333333333333333,5.0,4.0,2.3333333333333335,2.0,2.1666666666666665,6.333333333333333,4,3
6595812395737f2d67c13d22,retail,0,0,C8,3.6666666666666665,4.5,3.0833333333333335,2.6666666666666665,5.0,2.0,2.6666666666666665,6.0,5.333333333333333,5.666666666666667,5.333333333333333,4,2
6a24037b4121ac3fcdb4992d,retail,0,1,C6,5.333333333333333,5.0,5.25,5.0,5.666666666666667,5.666666666666667,4.666666666666667,2.3333333333333335,1.6666666666666667,2.0,6.0,2,2
6a187fce48f54ddd7e7516d6,financial,0,0,C7,4.0,4.0,4.0,4.0,4.0,4.0,4.0,4.0,2.6666666666666665,3.3333333333333335,4.0,5,2
6a16b792bbdb5406a536dbd2,retail,0,1,C6,4.333333333333333,5.5,4.083333333333333,2.6666666666666665,6.0,2.0,5.666666666666667,4.333333333333333,4.666666666666667,4.5,6.0,5,2
66cc7e5763b912d8c3210627,financial,0,1,C5,6.0,4.5,4.5,4.333333333333333,4.666666666666667,5.0,4.0,4.0,4.0,4.0,4.666666666666667,4,3
69c64da81dae8257a5e394bb,retail,1,1,C2,5.666666666666667,6.0,2.5833333333333335,2.0,5.0,2.0,1.3333333333333333,3.6666666666666665,2.3333333333333335,3.0,5.0,3,2
6a177638ac4d0d89a3cf6c3f,financial,1,1,C1,5.666666666666667,7.0,5.0,3.6666666666666665,5.0,6.0,5.333333333333333,4.333333333333333,3.0,3.6666666666666665,5.666666666666667,4,3
6966777c57c42c9ad0469e43,retail,1,0,C4,1.6666666666666667,6.0,4.833333333333333,6.0,6.333333333333333,5.0,2.0,3.3333333333333335,2.0,2.6666666666666665,4.666666666666667,4,4
6a22d9fce1f2267870e6b9b0,financial,0,1,C5,6.0,3.5,5.333333333333333,6.666666666666667,6.0,4.666666666666667,4.0,4.666666666666667,2.0,3.3333333333333335,3.6666666666666665,5,3
654bfc1fde563e3e18c05a93,financial,1,0,C3,4.666666666666667,6.0,3.3333333333333335,3.6666666666666665,3.0,2.0,4.666666666666667,5.0,4.0,4.5,5.333333333333333,5,4
6151a2926e65dea8ca73b4dc,retail,1,0,C4,3.3333333333333335,7.0,4.583333333333333,3.6666666666666665,6.666666666666667,4.333333333333333,3.6666666666666665,3.6666666666666665,2.6666666666666665,3.1666666666666665,6.333333333333333,4,3
65577277e35a32f7c0cfd09c,retail,0,1,C6,5.333333333333333,3.5,4.75,4.666666666666667,6.0,4.0,4.333333333333333,4.666666666666667,2.3333333333333335,3.5,5.333333333333333,5,3
6999db724ba6d4801fd787bd,financial,1,0,C3,3.0,7.0,4.416666666666667,4.333333333333333,5.0,3.6666666666666665,4.666666666666667,3.6666666666666665,3.0,3.3333333333333335,5.333333333333333,5,4
69b1cbb590d032b88c6d2c63,retail,1,0,C4,4.333333333333333,6.0,5.083333333333333,4.0,6.0,5.666666666666667,4.666666666666667,2.6666666666666665,2.0,2.3333333333333335,6.0,4,3
6a018772499e987a5ae2c3e5,retail,1,0,C4,6.0,6.0,3.75,4.0,5.666666666666667,2.0,3.3333333333333335,5.333333333333333,5.0,5.166666666666667,4.333333333333333,5,4
698095c1aa657927169c5b59,financial,1,0,C3,4.666666666666667,7.0,4.583333333333333,5.333333333333333,4.333333333333333,5.666666666666667,3.0,3.6666666666666665,2.3333333333333335,3.0,6.333333333333333,4,4
6a16ac4231981d4afecbf657,financial,0,0,C7,2.6666666666666665,3.5,4.583333333333333,4.333333333333333,5.0,5.0,4.0,3.0,3.0,3.0,4.333333333333333,5,3
6a1ebbd7d0ca17fb13ef13c1,retail,0,1,C6,6.0,4.5,2.25,2.0,3.0,2.0,2.0,4.0,3.0,3.5,4.666666666666667,3,4
6a12ff7c0330a6b8cfa1c942,retail,0,0,C8,1.6666666666666667,5.5,5.333333333333333,2.0,6.666666666666667,6.666666666666667,6.0,4.0,1.0,2.5,6.666666666666667,5,4
6a0d5fb7c9515c04230cc3fc,retail,1,1,C2,6.666666666666667,6.5,3.0,2.0,4.333333333333333,2.0,3.6666666666666665,5.0,5.0,5.0,5.666666666666667,4,4
6a19bb0115f695ed389fc040,retail,1,1,C2,6.666666666666667,6.5,3.9166666666666665,2.0,6.0,4.666666666666667,3.0,1.3333333333333333,1.3333333333333333,1.3333333333333333,5.333333333333333,4,3
664a18221d721643fe68591c,financial,1,0,C3,1.0,2.0,5.916666666666667,4.666666666666667,7.0,6.0,6.0,1.3333333333333333,2.6666666666666665,2.0,3.3333333333333335,5,3
5e8306794c53df01e2b48384,retail,0,0,C8,3.0,4.0,4.416666666666667,3.3333333333333335,5.333333333333333,6.0,3.0,4.666666666666667,4.0,4.333333333333333,5.0,4,4
69ca1c917d1d909f782a6e90,financial,1,1,C1,5.666666666666667,7.0,5.083333333333333,6.666666666666667,5.0,5.333333333333333,3.3333333333333335,4.666666666666667,4.666666666666667,4.666666666666667,7.0,4,3
6a0cb483cab2ddcbdb13c4cf,retail,1,1,C2,5.666666666666667,4.5,3.4166666666666665,4.0,5.0,2.6666666666666665,2.0,5.0,5.0,5.0,4.333333333333333,5,3
65aa83d1578eec02321e9fd1,retail,0,1,C6,5.333333333333333,6.0,2.6666666666666665,3.6666666666666665,3.6666666666666665,1.6666666666666667,1.6666666666666667,5.666666666666667,6.0,5.833333333333333,5.333333333333333,3,2
5eff4582a4894e4afb5ecbc3,retail,0,0,C8,4.333333333333333,2.0,5.0,5.0,6.666666666666667,6.0,2.3333333333333335,2.0,2.0,2.0,4.666666666666667,5,3
6a0412fdebd36f8741c66fd9,financial,0,0,C7,5.333333333333333,5.5,4.666666666666667,5.666666666666667,5.666666666666667,3.6666666666666665,3.6666666666666665,5.0,3.3333333333333335,4.166666666666667,6.333333333333333,4,2
634d93177bff311306c4b91a,retail,0,1,C6,4.0,5.5,5.583333333333333,6.0,6.0,5.0,5.333333333333333,2.6666666666666665,2.0,2.3333333333333335,4.666666666666667,2,2
69cb6d5e4cf1e791c80115d7,financial,0,1,C5,6.0,5.5,4.5,5.333333333333333,2.3333333333333335,5.666666666666667,4.666666666666667,5.333333333333333,5.666666666666667,5.5,5.333333333333333,2,3
69d514f13065c32206b27ee3,financial,0,1,C5,6.0,4.0,4.083333333333333,5.0,3.0,4.666666666666667,3.6666666666666665,5.333333333333333,5.333333333333333,5.333333333333333,4.666666666666667,5,3
642bcfce1d5dfaa4df298495,retail,1,0,C4,5.0,6.0,3.4166666666666665,6.0,2.0,1.6666666666666667,4.0,6.0,6.0,6.0,6.333333333333333,5,4
6729385ad9dfa592ab93f5fe,financial,0,1,C5,6.0,5.5,3.9166666666666665,3.6666666666666665,2.6666666666666665,3.6666666666666665,5.666666666666667,4.666666666666667,4.0,4.333333333333333,6.666666666666667,5,3
656998a1d2d8b1331551082c,retail,0,0,C8,5.333333333333333,3.5,4.833333333333333,3.6666666666666665,5.333333333333333,4.666666666666667,5.666666666666667,4.0,2.6666666666666665,3.3333333333333335,5.666666666666667,5,3
575341f0dcd903000606a800,financial,1,1,C1,6.0,7.0,6.666666666666667,6.333333333333333,6.666666666666667,6.666666666666667,7.0,4.666666666666667,2.0,3.3333333333333335,6.0,2,4
695ffc6b20169a5a50ceabdd,retail,0,1,C6,6.0,3.5,4.333333333333333,3.6666666666666665,5.0,4.666666666666667,4.0,2.3333333333333335,2.3333333333333335,2.3333333333333335,5.333333333333333,5,3
6a267866088f8a844125e75a,financial,1,1,C1,6.0,7.0,4.833333333333333,6.0,4.666666666666667,5.0,3.6666666666666665,3.3333333333333335,2.0,2.6666666666666665,6.333333333333333,5,2
693deeac996d698eaf560e10,retail,1,1,C2,3.6666666666666665,6.0,5.5,5.333333333333333,6.666666666666667,5.333333333333333,4.666666666666667,2.6666666666666665,1.6666666666666667,2.1666666666666665,6.0,2,2
6a16cf2a119419e7577dc0c5,financial,0,1,C5,6.0,4.5,4.75,4.0,5.333333333333333,5.0,4.666666666666667,4.333333333333333,5.0,4.666666666666667,6.0,5,4
69c97a4904085d23c096e842,retail,1,1,C2,5.666666666666667,7.0,4.666666666666667,4.333333333333333,7.0,5.333333333333333,2.0,3.3333333333333335,3.3333333333333335,3.3333333333333335,6.666666666666667,3,3
69f08aaa19de059bdad385e6,financial,1,0,C3,5.666666666666667,6.5,5.75,5.666666666666667,5.666666666666667,6.0,5.666666666666667,5.666666666666667,5.666666666666667,5.666666666666667,6.666666666666667,5,4
69ef8b1f581b4cb91ac54bab,retail,1,0,C4,5.333333333333333,6.0,4.166666666666667,2.0,5.0,5.333333333333333,4.333333333333333,5.0,3.6666666666666665,4.333333333333333,6.0,3,4
63c591db3b1d8a96b9d46be7,retail,1,0,C4,3.6666666666666665,6.5,5.833333333333333,4.0,7.0,5.333333333333333,7.0,1.6666666666666667,2.0,1.8333333333333333,6.666666666666667,4,4
6a257c925fa83447c4f40dda,retail,0,1,C6,2.3333333333333335,1.5,4.5,4.333333333333333,6.0,3.6666666666666665,4.0,4.0,2.6666666666666665,3.3333333333333335,5.333333333333333,4,4
696e6bbcf347955a4b296316,financial,1,1,C1,5.333333333333333,7.0,4.166666666666667,4.0,5.333333333333333,2.0,5.333333333333333,3.6666666666666665,2.6666666666666665,3.1666666666666665,5.666666666666667,4,4
6a0c799da44550b9cd283baf,retail,0,0,C8,3.3333333333333335,3.0,4.25,3.0,5.0,4.666666666666667,4.333333333333333,5.0,3.6666666666666665,4.333333333333333,6.0,4,2
6a213ae069de424a97433b53,financial,0,1,C5,4.666666666666667,3.5,5.25,5.333333333333333,5.666666666666667,6.0,4.0,2.3333333333333335,2.0,2.1666666666666665,7.0,5,3
6a061f83170152f78a63175c,retail,1,0,C4,5.0,7.0,3.6666666666666665,4.0,4.0,4.0,2.6666666666666665,5.0,4.333333333333333,4.666666666666667,4.0,5,2
69c6617f4b9456a72cee9fa7,financial,0,0,C7,3.0,5.0,5.75,5.0,7.0,5.0,6.0,3.3333333333333335,2.0,2.6666666666666665,6.0,5,2
6a0ebf63c499c64cae827509,retail,0,1,C6,6.0,5.5,3.75,3.3333333333333335,4.666666666666667,3.0,4.0,6.0,6.0,6.0,5.0,5,3
69297d7c7e4535732e9b25b6,financial,0,0,C7,4.333333333333333,5.5,4.333333333333333,4.666666666666667,5.666666666666667,3.0,4.0,4.666666666666667,4.666666666666667,4.666666666666667,5.666666666666667,3,3
5efb85865214c00f3f582de1,financial,1,1,C1,6.0,7.0,4.083333333333333,4.666666666666667,4.666666666666667,4.0,3.0,5.333333333333333,6.0,5.666666666666667,5.666666666666667,3,2
69a025322c70820c59dc65fb,retail,1,1,C2,4.0,6.0,5.5,4.0,6.0,6.0,6.0,3.0,3.0,3.0,6.0,2,2
6a19a6fb8b3b8e55d68c7aaf,retail,0,0,C8,5.666666666666667,5.0,4.083333333333333,3.6666666666666665,5.0,5.0,2.6666666666666665,5.0,2.6666666666666665,3.8333333333333335,5.666666666666667,3,3
631a045a66454f2681295678,retail,1,1,C2,6.0,7.0,2.5833333333333335,2.0,3.0,2.6666666666666665,2.6666666666666665,4.666666666666667,6.0,5.333333333333333,6.0,5,3
5bea9d9805619d0001072057,retail,0,0,C8,5.666666666666667,4.5,2.75,2.6666666666666665,3.6666666666666665,2.6666666666666665,2.0,5.333333333333333,5.666666666666667,5.5,5.666666666666667,4,3
69fde7f4c41093317f7dd74c,financial,1,0,C3,3.6666666666666665,4.0,4.0,3.6666666666666665,4.0,5.0,3.3333333333333335,4.0,3.3333333333333335,3.6666666666666665,5.333333333333333,5,3
660d54f0b2d2527f5855f3de,retail,1,1,C2,3.6666666666666665,4.5,6.0,7.0,7.0,6.0,4.0,1.3333333333333333,1.0,1.1666666666666667,5.333333333333333,5,4
6a01a2b2ea472f392356ad89,retail,1,0,C4,4.0,6.5,4.416666666666667,4.666666666666667,5.666666666666667,2.3333333333333335,5.0,5.666666666666667,5.0,5.333333333333333,7.0,4,4
6a059cebfa90caff0b120b61,retail,0,1,C6,6.666666666666667,5.5,1.75,2.0,2.0,2.0,1.0,6.0,6.0,6.0,5.666666666666667,5,3
69b00f8a439c67917381334c,financial,1,0,C3,4.666666666666667,6.5,4.25,4.333333333333333,4.0,4.666666666666667,4.0,5.0,3.3333333333333335,4.166666666666667,5.666666666666667,5,4
69fc80ba299516ef2fcb2c0f,financial,1,1,C1,7.0,7.0,5.833333333333333,6.0,6.0,6.0,5.333333333333333,5.333333333333333,5.0,5.166666666666667,5.333333333333333,5,4
699c7cc363469af93ff0483a,financial,0,0,C7,1.3333333333333333,2.0,4.25,6.0,5.666666666666667,4.333333333333333,1.0,6.0,3.3333333333333335,4.666666666666667,6.333333333333333,4,4
69e74e3b8771538665c48a82,retail,0,0,C8,3.6666666666666665,6.0,4.083333333333333,3.6666666666666665,4.333333333333333,4.0,4.333333333333333,5.333333333333333,4.0,4.666666666666667,5.666666666666667,4,2
6967761536ba143d0d613a36,financial,0,1,C5,6.0,5.0,4.0,4.666666666666667,4.0,4.333333333333333,3.0,4.0,3.0,3.5,5.333333333333333,4,3
6a0d73c28770c436961b52a5,financial,1,1,C1,7.0,7.0,4.0,3.3333333333333335,3.6666666666666665,6.0,3.0,5.0,5.333333333333333,5.166666666666667,6.0,4,3
69ca92295c3e8578714c4997,retail,0,1,C6,5.0,2.0,4.416666666666667,2.0,6.666666666666667,4.0,5.0,1.6666666666666667,1.3333333333333333,1.5,5.333333333333333,4,3
69f1d5d3d3288e40e84a833d,financial,1,1,C1,6.666666666666667,6.0,3.6666666666666665,5.0,4.0,2.0,3.6666666666666665,6.0,6.0,6.0,5.666666666666667,4,3
6a15b81d78a8a0ff7bc78f89,financial,0,1,C5,7.0,5.5,1.0,1.0,1.0,1.0,1.0,7.0,7.0,7.0,6.333333333333333,5,4
6a1aea6b4a8a2055c533b223,retail,0,1,C6,5.666666666666667,5.5,4.75,5.333333333333333,6.0,5.666666666666667,2.0,4.666666666666667,2.6666666666666665,3.6666666666666665,6.666666666666667,5,3
69f8736c173fc44491ef8ef9,financial,1,0,C3,4.0,6.0,4.833333333333333,5.666666666666667,5.333333333333333,4.0,4.333333333333333,4.333333333333333,4.0,4.166666666666667,6.666666666666667,5,3
6a14859df02d4fc6e4b504b8,financial,0,0,C7,2.6666666666666665,5.5,4.833333333333333,4.666666666666667,6.333333333333333,6.0,2.3333333333333335,2.0,2.6666666666666665,2.3333333333333335,5.666666666666667,5,3
5b0c1fdebd9c3100015641ae,retail,0,0,C8,3.3333333333333335,2.5,4.583333333333333,5.0,5.0,5.0,3.3333333333333335,2.3333333333333335,3.0,2.6666666666666665,5.666666666666667,3,3
69ff965433494ebe25c7af90,retail,1,0,C4,5.666666666666667,6.5,3.0833333333333335,2.0,4.666666666666667,3.6666666666666665,2.0,3.0,4.0,3.5,4.666666666666667,3,4
6a037505bb58e780c0f8ac20,retail,1,0,C4,6.0,6.0,3.0,2.3333333333333335,3.3333333333333335,3.3333333333333335,3.0,5.333333333333333,4.666666666666667,5.0,5.333333333333333,5,2
657c5c2ad677c25c0ed6cd5c,financial,0,0,C7,2.3333333333333335,4.0,5.416666666666667,5.666666666666667,4.333333333333333,5.333333333333333,6.333333333333333,2.0,2.6666666666666665,2.3333333333333335,6.0,5,2
69b9c09a34f145a58202abad,retail,1,0,C4,4.666666666666667,6.0,5.25,4.666666666666667,6.333333333333333,5.0,5.0,3.3333333333333335,2.3333333333333335,2.8333333333333335,5.666666666666667,5,2
6924a033623db444abaa37f8,retail,1,1,C2,5.666666666666667,6.0,2.5,3.0,3.3333333333333335,1.3333333333333333,2.3333333333333335,5.333333333333333,6.0,5.666666666666667,4.333333333333333,4,1
69f07d5cc316fabd7e25e2e6,financial,0,0,C7,6.0,4.5,2.8333333333333335,3.6666666666666665,3.3333333333333335,2.3333333333333335,2.0,5.333333333333333,5.0,5.166666666666667,5.0,4,4
5c813f9e40650900116d13aa,financial,0,0,C7,3.3333333333333335,2.0,4.666666666666667,5.333333333333333,5.333333333333333,5.0,3.0,4.0,3.0,3.5,6.333333333333333,5,4
69f080bf44a471dc4636d48d,retail,0,1,C6,5.0,2.0,4.666666666666667,4.666666666666667,7.0,4.0,3.0,1.0,1.0,1.0,6.333333333333333,5,4
6980ef6805b30677384e1d8d,retail,0,1,C6,6.333333333333333,6.0,2.3333333333333335,2.3333333333333335,3.0,1.0,3.0,5.0,4.666666666666667,4.833333333333333,5.0,5,4
696662a4a90bda6bbca26744,retail,0,0,C8,6.333333333333333,6.0,4.083333333333333,3.3333333333333335,5.666666666666667,3.3333333333333335,4.0,5.333333333333333,6.0,5.666666666666667,4.333333333333333,5,3
69c807ef951eb69df897fe30,financial,1,1,C1,6.0,6.0,4.833333333333333,5.0,5.666666666666667,4.666666666666667,4.0,3.0,3.0,3.0,5.0,4,4
6a1afeaaea0a0a7c8d88b78a,retail,0,0,C8,4.0,3.0,6.0,7.0,4.0,6.0,7.0,5.333333333333333,5.333333333333333,5.333333333333333,6.666666666666667,4,2
69cbbb0ffc5bef04b5ab3df0,retail,1,1,C2,5.333333333333333,6.0,3.0833333333333335,3.3333333333333335,3.3333333333333335,2.0,3.6666666666666665,5.0,5.333333333333333,5.166666666666667,4.333333333333333,5,3
69c3ea2b563c450039baee40,retail,1,0,C4,4.333333333333333,7.0,4.25,4.333333333333333,3.6666666666666665,6.0,3.0,5.0,5.0,5.0,7.0,5,4
69a59175d150bc18636677af,financial,0,1,C5,4.666666666666667,3.5,3.8333333333333335,3.6666666666666665,4.0,3.6666666666666665,4.0,4.0,3.6666666666666665,3.8333333333333335,5.0,2,5
653ffbc95a3f7389dbd916ce,financial,1,0,C3,5.666666666666667,6.5,3.75,2.6666666666666665,3.3333333333333335,5.0,4.0,4.666666666666667,4.666666666666667,4.666666666666667,6.0,3,4
698103e2ca88dfbb91f29bca,retail,1,1,C2,4.666666666666667,6.0,5.916666666666667,6.333333333333333,7.0,6.333333333333333,4.0,1.3333333333333333,1.0,1.1666666666666667,5.333333333333333,5,3
6a22a551c5b4857794d75842,financial,0,0,C7,4.666666666666667,2.5,3.4166666666666665,2.3333333333333335,4.333333333333333,4.0,3.0,5.0,3.6666666666666665,4.333333333333333,5.333333333333333,4,3
66944193f43c80bee2cdf2b8,financial,0,0,C7,3.3333333333333335,2.0,4.916666666666667,3.6666666666666665,5.0,5.0,6.0,4.666666666666667,3.0,3.8333333333333335,6.666666666666667,4,2
69eea32d5469dcff405db6c5,financial,0,1,C5,3.3333333333333335,4.5,6.0,6.333333333333333,6.0,4.666666666666667,7.0,5.333333333333333,4.0,4.666666666666667,6.333333333333333,4,2
6a2543aa3f1cff0484fed938,retail,0,1,C6,5.333333333333333,3.5,5.333333333333333,5.333333333333333,5.0,6.0,5.0,2.0,2.3333333333333335,2.1666666666666665,6.0,5,2
6a1c2d647e50be489ba36a7d,retail,0,0,C8,4.666666666666667,1.0,3.6666666666666665,3.6666666666666665,4.666666666666667,3.3333333333333335,3.0,3.3333333333333335,2.6666666666666665,3.0,4.0,5,3
69313f9e8d654dcc2ad1f842,retail,0,0,C8,1.6666666666666667,2.5,4.833333333333333,5.0,5.0,4.0,5.333333333333333,2.0,3.0,2.5,5.666666666666667,4,4
69dd2b263f09003d891f88bb,retail,1,1,C2,5.333333333333333,6.5,3.1666666666666665,2.6666666666666665,4.333333333333333,2.0,3.6666666666666665,3.6666666666666665,3.3333333333333335,3.5,5.666666666666667,4,3
6a1d9b13e82d27e6cefd0ad4,retail,0,1,C6,6.0,5.5,3.8333333333333335,3.6666666666666665,3.6666666666666665,3.6666666666666665,4.333333333333333,5.0,3.6666666666666665,4.333333333333333,5.333333333333333,3,4
699d85c1a95fa30c50392b80,financial,1,1,C1,6.0,5.5,4.25,4.666666666666667,5.666666666666667,2.0,4.666666666666667,4.666666666666667,4.666666666666667,4.666666666666667,5.333333333333333,4,2
69f740154e4555689fdfcaeb,retail,1,0,C4,4.0,7.0,4.333333333333333,3.0,5.666666666666667,5.0,3.6666666666666665,4.333333333333333,4.333333333333333,4.333333333333333,6.333333333333333,5,4
69b1acea3579e47246e16c1a,financial,0,0,C7,3.3333333333333335,3.0,4.5,4.666666666666667,5.0,4.0,4.333333333333333,3.0,3.0,3.0,5.0,5,4
69f131e2fd2b8ed07899ff80,financial,0,1,C5,5.0,3.5,3.5833333333333335,3.6666666666666665,4.0,3.6666666666666665,3.0,5.0,5.0,5.0,5.333333333333333,5,3
6a039a4936ccf7f2484ded11,financial,1,1,C1,7.0,7.0,5.083333333333333,4.333333333333333,5.0,4.333333333333333,6.666666666666667,3.3333333333333335,3.0,3.1666666666666665,6.0,5,2
698e2b2461788f7657849bf5,retail,1,0,C4,4.0,3.5,3.9166666666666665,4.0,4.666666666666667,3.6666666666666665,3.3333333333333335,4.666666666666667,4.0,4.333333333333333,4.666666666666667,4,2
6924c286b55fb5ff7f2ad29b,retail,1,1,C2,6.0,7.0,4.416666666666667,4.666666666666667,6.0,3.0,4.0,5.666666666666667,5.0,5.333333333333333,6.333333333333333,5,2
69a52b62af3cb715894e8985,financial,0,0,C7,4.333333333333333,4.5,6.0,5.666666666666667,6.0,6.0,6.333333333333333,4.0,4.666666666666667,4.333333333333333,6.333333333333333,4,3
692b5096f99100945033f8e8,retail,0,1,C6,6.0,6.0,3.3333333333333335,1.6666666666666667,5.0,4.0,2.6666666666666665,4.666666666666667,5.0,4.833333333333333,6.333333333333333,5,2
6a16e0a5eec6e18a161a4e1d,retail,1,0,C4,4.666666666666667,6.5,5.833333333333333,5.333333333333333,6.333333333333333,5.333333333333333,6.333333333333333,5.0,3.0,4.0,6.0,4,2
69ab307e58e41a569fc486c9,financial,1,1,C1,5.0,5.5,6.083333333333333,6.0,6.333333333333333,6.0,6.0,2.0,1.3333333333333333,1.6666666666666667,5.333333333333333,3,3
696a4271be657b7aa5ed27dd,financial,1,0,C3,4.333333333333333,6.0,5.666666666666667,6.0,6.333333333333333,5.333333333333333,5.0,4.0,2.3333333333333335,3.1666666666666665,4.666666666666667,4,4
6a254cf880017759db799fa3,retail,1,1,C2,4.0,5.5,2.8333333333333335,1.0,4.333333333333333,2.0,4.0,2.0,2.3333333333333335,2.1666666666666665,4.666666666666667,2,4
594547c8833f6d0001622e60,financial,0,0,C7,2.0,1.0,5.0,4.666666666666667,4.666666666666667,5.333333333333333,5.333333333333333,6.0,4.333333333333333,5.166666666666667,6.0,3,4
69dcb05cd83d29e139ab71ab,financial,1,1,C1,4.666666666666667,4.0,5.25,6.0,5.333333333333333,5.666666666666667,4.0,3.0,1.0,2.0,5.0,5,3
63d4dc9a970a005cd8740bf8,financial,0,0,C7,6.666666666666667,5.5,1.0833333333333333,1.3333333333333333,1.0,1.0,1.0,6.333333333333333,6.0,6.166666666666667,6.666666666666667,4,4
69f3d52ce836a49386d3bde7,retail,1,1,C2,4.333333333333333,7.0,5.333333333333333,4.666666666666667,6.333333333333333,4.333333333333333,6.0,4.666666666666667,2.6666666666666665,3.6666666666666665,6.0,4,3
69ab309cd1c3422cfd962897,financial,0,1,C5,6.0,5.5,4.666666666666667,5.333333333333333,5.0,4.666666666666667,3.6666666666666665,5.666666666666667,5.333333333333333,5.5,5.666666666666667,3,3
69dcf4de98d4432d0fb32d02,financial,1,0,C3,5.0,6.5,6.5,7.0,7.0,6.0,6.0,4.333333333333333,2.3333333333333335,3.3333333333333335,6.0,4,3
5f4bc28f5a01ee78b64e2bfb,retail,0,1,C6,4.333333333333333,5.0,2.0833333333333335,2.0,2.3333333333333335,1.6666666666666667,2.3333333333333335,4.666666666666667,2.6666666666666665,3.6666666666666665,6.333333333333333,2,3
6980b0b643e70714220ffc9e,financial,1,1,C1,3.6666666666666665,5.5,4.833333333333333,5.0,5.333333333333333,2.3333333333333335,6.666666666666667,2.0,3.3333333333333335,2.6666666666666665,4.333333333333333,5,4
69fcb8854b84fa7936e6a7f0,financial,0,1,C5,6.666666666666667,4.0,6.25,7.0,7.0,5.0,6.0,4.0,1.6666666666666667,2.8333333333333335,7.0,5,4
6a106667007634059631836c,financial,0,0,C7,5.0,1.0,5.333333333333333,4.666666666666667,6.0,4.666666666666667,6.0,2.0,2.0,2.0,6.0,5,2
6a1aacdb846cec186fb960e1,financial,0,1,C5,6.0,2.5,3.0833333333333335,3.0,3.3333333333333335,2.3333333333333335,3.6666666666666665,5.666666666666667,5.333333333333333,5.5,5.666666666666667,4,3
69d04f65ea936ea5ff256691,retail,1,0,C4,4.666666666666667,7.0,2.8333333333333335,2.3333333333333335,3.6666666666666665,3.3333333333333335,2.0,5.333333333333333,4.0,4.666666666666667,4.333333333333333,5,2
6661c242032f83253e300781,financial,0,1,C5,5.333333333333333,5.5,4.0,4.666666666666667,4.666666666666667,3.3333333333333335,3.3333333333333335,5.333333333333333,4.333333333333333,4.833333333333333,6.0,4,3
66acaaf42e50707fb51ccfd4,financial,1,0,C3,5.333333333333333,6.0,4.0,4.0,5.0,2.6666666666666665,4.333333333333333,4.666666666666667,3.6666666666666665,4.166666666666667,5.0,4,4
6a230a7b44bfd5df9bf2d103,retail,1,1,C2,7.0,4.0,2.3333333333333335,2.0,5.333333333333333,1.0,1.0,2.3333333333333335,2.0,2.1666666666666665,5.333333333333333,4,3
6a0869c4635ce17522c972e2,financial,0,0,C7,3.0,5.0,3.8333333333333335,4.0,4.666666666666667,2.6666666666666665,4.0,4.333333333333333,4.333333333333333,4.333333333333333,6.333333333333333,2,2
69274b840874ca9757c450f3,retail,0,0,C8,3.3333333333333335,2.0,3.75,2.6666666666666665,5.666666666666667,3.3333333333333335,3.3333333333333335,3.3333333333333335,3.3333333333333335,3.3333333333333335,6.333333333333333,4,3
6a0d4f17a916a3716ec2f593,retail,0,1,C6,4.666666666666667,1.5,4.833333333333333,5.333333333333333,3.6666666666666665,5.666666666666667,4.666666666666667,3.3333333333333335,1.6666666666666667,2.5,5.666666666666667,5,2
69ff9f3c27c16541cca44c15,retail,1,0,C4,4.333333333333333,7.0,3.3333333333333335,2.0,4.333333333333333,4.666666666666667,2.3333333333333335,4.333333333333333,3.3333333333333335,3.8333333333333335,4.333333333333333,2,4
6992ff7ac09615e421848662,financial,1,1,C1,6.0,7.0,4.833333333333333,4.666666666666667,6.333333333333333,3.3333333333333335,5.0,4.0,3.6666666666666665,3.8333333333333335,5.666666666666667,5,4
69da362169851468d52acae9,retail,1,1,C2,6.333333333333333,6.0,2.5,3.3333333333333335,2.6666666666666665,3.0,1.0,5.333333333333333,4.333333333333333,4.833333333333333,6.333333333333333,3,2
69d50d9d49cf0f7d44f2741b,retail,1,0,C4,5.333333333333333,5.5,3.6666666666666665,3.6666666666666665,3.6666666666666665,3.0,4.333333333333333,6.0,5.0,5.5,4.666666666666667,4,4
6a0c8c2461a5a5cf5e01cfcc,retail,0,1,C6,6.0,7.0,4.833333333333333,5.0,5.666666666666667,5.666666666666667,3.0,4.333333333333333,1.0,2.6666666666666665,6.0,5,4
69fc7b37f67cb62ddb98567b,financial,1,0,C3,5.0,7.0,3.25,3.3333333333333335,2.0,3.6666666666666665,4.0,4.666666666666667,4.666666666666667,4.666666666666667,7.0,2,4
610831f8f5534a770cae4bb3,financial,1,0,C3,3.6666666666666665,6.0,5.666666666666667,5.666666666666667,6.333333333333333,6.666666666666667,4.0,4.333333333333333,4.333333333333333,4.333333333333333,5.666666666666667,5,3
696663c5264f4d6738e5057c,financial,0,1,C5,6.0,2.0,4.25,6.0,4.333333333333333,2.6666666666666665,4.0,2.0,2.0,2.0,5.333333333333333,5,3
69274c1d8e1c58d81917ee0d,retail,1,1,C2,5.333333333333333,4.0,4.75,5.333333333333333,6.666666666666667,4.333333333333333,2.6666666666666665,2.6666666666666665,1.3333333333333333,2.0,5.666666666666667,4,4
6a25c28d6805a828b7d1eaf7,financial,1,0,C3,6.0,7.0,6.083333333333333,6.0,7.0,4.333333333333333,7.0,5.0,2.0,3.5,6.333333333333333,5,4
5e99a993f4a78b0008ecc726,retail,0,1,C6,6.0,2.0,4.833333333333333,6.333333333333333,6.0,3.6666666666666665,3.3333333333333335,3.6666666666666665,1.6666666666666667,2.6666666666666665,6.0,1,3
69249d26d13a603c06a59440,financial,0,1,C5,1.0,1.0,5.083333333333333,4.0,5.666666666666667,4.666666666666667,6.0,3.0,2.0,2.5,5.0,5,3
69fb41f41b6faed20f70ea38,financial,1,1,C1,6.0,6.5,4.083333333333333,4.0,4.0,4.666666666666667,3.6666666666666665,4.0,4.0,4.0,5.333333333333333,5,4
69275f25ddbb1207e0f7118c,retail,1,0,C4,2.3333333333333335,6.5,6.0,6.666666666666667,7.0,4.666666666666667,5.666666666666667,2.0,1.0,1.5,6.0,2,2
6927629902ac9a89c4075cf6,financial,1,0,C3,4.666666666666667,6.0,4.75,4.333333333333333,4.666666666666667,6.0,4.0,4.333333333333333,2.6666666666666665,3.5,6.0,5,3
5f25dc1995a9012b5f969e1f,financial,0,0,C7,5.666666666666667,3.5,3.6666666666666665,3.6666666666666665,4.666666666666667,3.3333333333333335,3.0,5.333333333333333,5.666666666666667,5.5,6.333333333333333,4,3
692746543e5c3fee5add306f,financial,1,1,C1,6.0,5.5,3.0833333333333335,4.666666666666667,2.3333333333333335,2.3333333333333335,3.0,5.666666666666667,5.0,5.333333333333333,6.0,4,4
64cc94e294b43f31545c4b8f,retail,1,1,C2,7.0,7.0,4.0,4.0,4.0,4.0,4.0,7.0,6.0,6.5,4.666666666666667,4,3
6a17492c97b3e87aa084a821,retail,0,1,C6,6.0,5.0,3.5833333333333335,2.0,4.0,4.333333333333333,4.0,4.666666666666667,4.0,4.333333333333333,4.666666666666667,2,3
6a00a4471efa4cd6835d2148,retail,0,0,C8,4.666666666666667,5.5,2.4166666666666665,2.0,3.6666666666666665,2.0,2.0,5.666666666666667,5.666666666666667,5.666666666666667,5.666666666666667,5,4
69a6edc232e3eea1a51e4a8d,financial,0,1,C5,6.333333333333333,5.5,4.333333333333333,4.666666666666667,3.6666666666666665,4.333333333333333,4.666666666666667,5.0,4.333333333333333,4.666666666666667,6.0,2,2
6951d6fd93f50ed0e6363eba,retail,0,0,C8,5.333333333333333,2.0,4.583333333333333,6.0,4.666666666666667,3.0,4.666666666666667,4.0,2.6666666666666665,3.3333333333333335,5.666666666666667,4,2
6966a0abe93e18fb042f959d,financial,0,1,C5,6.0,1.0,3.6666666666666665,3.6666666666666665,6.0,1.0,4.0,2.0,1.0,1.5,4.333333333333333,5,4
6a15dcb3b1dc557154628cf0,retail,0,1,C6,4.666666666666667,5.5,3.4166666666666665,3.0,4.333333333333333,3.0,3.3333333333333335,3.6666666666666665,3.3333333333333335,3.5,5.0,5,4
5995b8a6bf8bcf0001ab6aed,retail,1,0,C4,2.6666666666666665,7.0,5.25,6.0,5.666666666666667,5.333333333333333,4.0,4.666666666666667,2.0,3.3333333333333335,5.333333333333333,2,3
6a19f4ba2b0620f6d87a2d64,retail,1,0,C4,4.333333333333333,6.5,3.75,2.0,5.0,4.0,4.0,4.333333333333333,4.333333333333333,4.333333333333333,6.0,5,3
6a15a3d717e7cd0efc223183,retail,1,1,C2,6.0,6.0,5.666666666666667,5.333333333333333,6.333333333333333,4.0,7.0,2.3333333333333335,3.0,2.6666666666666665,5.0,5,4
69315c6bd9bfcb116142f51a,retail,1,1,C2,6.0,6.5,4.916666666666667,4.333333333333333,6.333333333333333,4.666666666666667,4.333333333333333,2.3333333333333335,2.0,2.1666666666666665,7.0,5,2
69fc7a5813518eecfd3c8528,retail,0,0,C8,2.3333333333333335,3.0,5.083333333333333,4.666666666666667,6.0,5.333333333333333,4.333333333333333,2.3333333333333335,2.0,2.1666666666666665,4.666666666666667,4,3
60e578c33739d143250cf23a,financial,1,0,C3,3.0,5.5,4.916666666666667,4.666666666666667,6.0,4.0,5.0,3.6666666666666665,2.6666666666666665,3.1666666666666665,5.666666666666667,5,3
69f0e055c186d3aa2c4ddd1d,financial,1,1,C1,5.666666666666667,6.0,4.666666666666667,5.333333333333333,5.0,4.333333333333333,4.0,3.3333333333333335,2.0,2.6666666666666665,6.666666666666667,5,4
69da42fab13bc5e6bd758540,financial,1,0,C3,3.3333333333333335,6.0,5.0,5.0,5.666666666666667,5.0,4.333333333333333,4.333333333333333,2.3333333333333335,3.3333333333333335,4.666666666666667,5,3
6a23d03709a60be2b96a5eed,financial,0,0,C7,2.3333333333333335,3.0,5.666666666666667,6.0,6.666666666666667,5.666666666666667,4.333333333333333,3.3333333333333335,2.0,2.6666666666666665,5.666666666666667,2,4
6a1082023a97bd6c6f299c70,retail,0,1,C6,3.6666666666666665,2.0,3.6666666666666665,5.666666666666667,6.666666666666667,1.3333333333333333,1.0,2.3333333333333335,2.0,2.1666666666666665,5.333333333333333,5,2
69ac0489b7cbab1d3e229136,financial,0,1,C5,6.333333333333333,4.5,4.416666666666667,4.0,5.333333333333333,4.333333333333333,4.0,5.333333333333333,4.666666666666667,5.0,5.333333333333333,5,4
6a1a14f75b9e303f026e99c1,retail,1,0,C4,6.0,6.0,2.25,2.0,2.0,3.0,2.0,6.0,6.0,6.0,5.333333333333333,5,4
69e959d72108802f87b95c2f,financial,1,1,C1,5.666666666666667,5.0,4.25,4.333333333333333,4.0,5.333333333333333,3.3333333333333335,5.333333333333333,5.333333333333333,5.333333333333333,5.333333333333333,5,2
69f8c4d236c27c17794a10a1,retail,0,1,C6,7.0,4.0,3.5,3.3333333333333335,4.0,2.0,4.666666666666667,6.0,5.0,5.5,5.0,5,4
6a0043c3b0e4b53dfec8f7ed,retail,1,1,C2,6.0,5.0,3.8333333333333335,5.0,4.0,4.333333333333333,2.0,4.0,3.3333333333333335,3.6666666666666665,5.666666666666667,5,2
6a0aecb171ff830c0e39df14,financial,0,0,C7,3.0,3.0,3.5,3.6666666666666665,4.0,3.6666666666666665,2.6666666666666665,3.0,3.6666666666666665,3.3333333333333335,6.333333333333333,5,4
69ef900a61f75635531f5418,financial,1,0,C3,2.6666666666666665,6.0,4.416666666666667,4.333333333333333,6.0,3.0,4.333333333333333,1.3333333333333333,1.3333333333333333,1.3333333333333333,4.0,5,4
699cb3ef60bbb2f713432457,financial,0,1,C5,5.666666666666667,5.5,5.916666666666667,3.3333333333333335,7.0,6.333333333333333,7.0,3.0,2.0,2.5,5.666666666666667,5,3
69f355c10b098b45594a8b7c,retail,0,0,C8,3.0,5.5,4.333333333333333,3.0,6.0,3.3333333333333335,5.0,3.6666666666666665,2.6666666666666665,3.1666666666666665,5.0,3,3
59c026de8e6ea10001f7b1bc,retail,1,0,C4,5.0,6.0,4.583333333333333,4.0,4.333333333333333,5.0,5.0,4.0,4.0,4.0,5.666666666666667,4,3
69a1d386d4c598030190cf0f,financial,0,0,C7,4.0,2.5,6.0,6.0,6.0,6.0,6.0,4.333333333333333,2.3333333333333335,3.3333333333333335,6.0,2,3
6a25de15e3c980e2086ff20c,retail,1,0,C4,4.0,5.0,5.0,5.333333333333333,4.333333333333333,5.0,5.333333333333333,5.0,4.333333333333333,4.666666666666667,5.0,4,2
696e407bd0b3a8241e8816a5,retail,0,0,C8,5.333333333333333,6.0,2.1666666666666665,2.0,2.3333333333333335,2.6666666666666665,1.6666666666666667,5.666666666666667,7.0,6.333333333333333,5.333333333333333,5,2
6a1c470b727f86ca9ed7017b,financial,0,0,C7,4.0,1.5,5.416666666666667,6.0,6.0,5.666666666666667,4.0,4.666666666666667,4.0,4.333333333333333,4.0,4,2
66996aa4d5053b1e2c008939,financial,1,0,C3,5.0,5.5,4.333333333333333,3.6666666666666665,4.666666666666667,4.666666666666667,4.333333333333333,4.0,4.666666666666667,4.333333333333333,4.666666666666667,5,4
6a2347db1e69015e2586a0fc,financial,0,1,C5,7.0,5.0,4.916666666666667,4.333333333333333,4.0,5.666666666666667,5.666666666666667,4.666666666666667,4.666666666666667,4.666666666666667,5.666666666666667,4,2
69f07ccfa2184dd7053c367a,retail,1,1,C2,6.0,6.0,3.4166666666666665,3.6666666666666665,5.0,2.6666666666666665,2.3333333333333335,4.333333333333333,4.333333333333333,4.333333333333333,4.333333333333333,5,3
693098d09b33c6b867fbc888,financial,1,1,C1,7.0,7.0,5.166666666666667,4.666666666666667,6.0,4.333333333333333,5.666666666666667,5.0,5.0,5.0,3.6666666666666665,5,4
696b8cf1655b25422f1e0d75,retail,0,1,C6,5.666666666666667,5.5,2.5833333333333335,3.0,3.6666666666666665,1.3333333333333333,2.3333333333333335,4.666666666666667,5.333333333333333,5.0,5.666666666666667,4,3
697522f0e67ece2c57c73a07,financial,1,1,C1,5.0,6.0,3.9166666666666665,4.333333333333333,4.666666666666667,4.333333333333333,2.3333333333333335,3.3333333333333335,2.0,2.6666666666666665,6.0,4,4
69a28535b972226f885ccc84,retail,0,0,C8,1.6666666666666667,5.0,3.3333333333333335,4.333333333333333,4.666666666666667,2.0,2.3333333333333335,5.333333333333333,4.0,4.666666666666667,5.0,4,2
69c382d4312de09a1022d008,retail,0,1,C6,4.666666666666667,2.0,3.9166666666666665,2.0,6.0,4.666666666666667,3.0,1.0,1.6666666666666667,1.3333333333333333,5.666666666666667,4,4
66da6a75669c058f213ffc96,financial,0,0,C7,2.6666666666666665,5.0,5.333333333333333,5.666666666666667,6.0,4.333333333333333,5.333333333333333,4.666666666666667,1.6666666666666667,3.1666666666666665,5.0,3,3
696fac07d263a91d58e72e1e,financial,0,1,C5,6.333333333333333,2.0,4.416666666666667,5.0,5.333333333333333,5.0,2.3333333333333335,4.666666666666667,4.333333333333333,4.5,6.0,4,4
65abbd5488afb265041631ee,financial,1,0,C3,2.6666666666666665,5.5,3.3333333333333335,4.666666666666667,3.3333333333333335,3.3333333333333335,2.0,5.333333333333333,5.666666666666667,5.5,4.666666666666667,5,2
6a04957ddd64dfd7bd6452a6,retail,1,1,C2,6.333333333333333,7.0,5.75,7.0,7.0,5.0,4.0,1.0,1.0,1.0,5.666666666666667,5,3
69847c1ce5645758b13d547d,retail,1,0,C4,5.333333333333333,5.0,4.0,5.666666666666667,3.6666666666666665,4.666666666666667,2.0,5.666666666666667,5.0,5.333333333333333,5.666666666666667,5,2
6a252d3f45cfa6c99e087fed,financial,1,1,C1,6.0,7.0,5.833333333333333,5.666666666666667,5.333333333333333,5.666666666666667,6.666666666666667,3.6666666666666665,2.3333333333333335,3.0,5.0,5,4
6310ae2dd8af07c0a1b36650,retail,1,1,C2,6.333333333333333,6.5,2.4166666666666665,3.0,2.6666666666666665,1.6666666666666667,2.3333333333333335,5.333333333333333,5.333333333333333,5.333333333333333,6.0,5,2
6a1f501d2068b5fa50902491,financial,0,0,C7,2.0,3.5,4.5,5.0,4.333333333333333,4.666666666666667,4.0,4.0,3.3333333333333335,3.6666666666666665,6.333333333333333,5,3
6992e9e6789d69646cc1648b,retail,0,0,C8,4.666666666666667,5.0,2.4166666666666665,2.0,5.0,1.0,1.6666666666666667,5.666666666666667,4.0,4.833333333333333,5.666666666666667,5,3
6a0ccb6ddc44eb6129bc58b6,retail,1,0,C4,5.333333333333333,7.0,3.5833333333333335,1.6666666666666667,4.0,4.333333333333333,4.333333333333333,5.0,3.0,4.0,5.666666666666667,4,4
6928a83f582d9a307bdb0625,financial,0,0,C7,1.6666666666666667,1.5,3.1666666666666665,3.0,3.6666666666666665,3.3333333333333335,2.6666666666666665,5.0,4.0,4.5,5.333333333333333,5,4
6a16b16fd63fea4ef1892751,retail,0,0,C8,2.6666666666666665,2.5,4.5,5.666666666666667,6.0,2.0,4.333333333333333,2.0,2.0,2.0,4.333333333333333,5,3
69c65431a04b2d58481c4d9f,retail,0,1,C6,5.666666666666667,3.0,5.0,3.6666666666666665,4.333333333333333,6.333333333333333,5.666666666666667,2.0,1.0,1.5,5.333333333333333,3,3
6a23abe8783a029d9a560603,financial,1,1,C1,4.666666666666667,7.0,5.916666666666667,4.333333333333333,7.0,6.0,6.333333333333333,4.0,3.0,3.5,6.333333333333333,5,3
6555b51d99f743902858f567,financial,1,0,C3,5.666666666666667,6.0,3.75,4.666666666666667,5.0,3.6666666666666665,1.6666666666666667,5.666666666666667,5.666666666666667,5.666666666666667,6.333333333333333,4,3
69973722b8de64bcfa4a2f91,retail,1,1,C2,4.0,7.0,5.333333333333333,4.333333333333333,7.0,3.0,7.0,1.0,1.0,1.0,5.333333333333333,2,4
632e6c164802a73e02077def,retail,1,0,C4,4.0,7.0,4.583333333333333,4.666666666666667,4.666666666666667,5.0,4.0,5.666666666666667,5.0,5.333333333333333,6.666666666666667,5,3
69666d8128d12c9d938e0353,financial,1,0,C3,4.0,6.0,3.9166666666666665,4.0,5.0,3.3333333333333335,3.3333333333333335,4.0,2.3333333333333335,3.1666666666666665,6.0,4,4
6981a0044421ef487582acd3,retail,0,1,C6,6.333333333333333,4.5,3.5,3.0,3.0,3.0,5.0,6.0,4.666666666666667,5.333333333333333,5.0,5,4
6a19e4081ac6d77d0b5e4d10,financial,0,1,C5,3.3333333333333335,4.0,5.083333333333333,5.0,7.0,6.333333333333333,2.0,3.6666666666666665,2.0,2.8333333333333335,6.333333333333333,5,2
69c3b459e9924e1262248a28,financial,0,0,C7,4.666666666666667,4.0,4.666666666666667,5.666666666666667,5.666666666666667,5.333333333333333,2.0,5.333333333333333,3.0,4.166666666666667,6.666666666666667,4,3
69c6d5021f5610b3b72627ea,retail,0,0,C8,2.0,4.5,5.416666666666667,6.0,6.333333333333333,5.0,4.333333333333333,1.6666666666666667,2.3333333333333335,2.0,5.333333333333333,5,4
6a1726e17f31bef3facb3fc2,retail,0,0,C8,4.666666666666667,5.5,2.75,2.6666666666666665,2.3333333333333335,2.3333333333333335,3.6666666666666665,6.333333333333333,4.333333333333333,5.333333333333333,5.333333333333333,3,3
6a0f5baf52267d3c740444ff,financial,1,1,C1,6.0,7.0,4.416666666666667,5.0,5.0,4.0,3.6666666666666665,4.0,2.6666666666666665,3.3333333333333335,5.666666666666667,5,4
69f7d574371c2cba9a5e55dd,retail,1,1,C2,4.0,5.0,4.916666666666667,4.0,4.666666666666667,6.0,5.0,4.0,3.3333333333333335,3.6666666666666665,6.0,4,2
651c10aee4ae105e532bda48,financial,1,1,C1,6.0,7.0,5.583333333333333,6.333333333333333,5.0,4.0,7.0,4.333333333333333,3.6666666666666665,4.0,6.333333333333333,5,4
6a14b2f3b04597c8eddb2895,retail,0,1,C6,6.333333333333333,2.5,4.416666666666667,4.333333333333333,5.666666666666667,2.6666666666666665,5.0,5.0,5.0,5.0,5.666666666666667,5,2
5e9f0c1c6a466e070d4f2da4,financial,1,0,C3,4.333333333333333,6.0,4.916666666666667,5.0,5.333333333333333,4.0,5.333333333333333,4.0,3.0,3.5,5.333333333333333,5,4
69cbd40e228f77524dcc7166,financial,0,0,C7,3.0,4.5,5.583333333333333,6.666666666666667,5.666666666666667,4.0,6.0,5.333333333333333,3.3333333333333335,4.333333333333333,4.666666666666667,4,4
5dea40ce11744715c8ea2855,financial,0,1,C5,4.666666666666667,5.0,4.583333333333333,4.333333333333333,4.0,4.666666666666667,5.333333333333333,4.0,5.0,4.5,5.0,5,3
69d393835beea447f27098c7,financial,1,0,C3,4.333333333333333,6.0,4.25,4.666666666666667,5.0,5.0,2.3333333333333335,4.0,2.6666666666666665,3.3333333333333335,5.0,4,3
69eefd725f6aaf9dceee7d3e,retail,0,1,C6,6.0,5.0,2.9166666666666665,2.0,3.0,2.3333333333333335,4.333333333333333,5.0,5.0,5.0,4.666666666666667,4,4
6311a97bf8a1e247b984633e,retail,1,0,C4,5.333333333333333,6.0,3.0833333333333335,1.6666666666666667,4.333333333333333,4.0,2.3333333333333335,4.333333333333333,5.0,4.666666666666667,6.0,2,3
6102afa9de838656bbe62ffe,retail,1,1,C2,5.333333333333333,6.0,4.583333333333333,4.333333333333333,4.666666666666667,4.666666666666667,4.666666666666667,3.6666666666666665,3.3333333333333335,3.5,6.333333333333333,5,4
65dcddf73df41cde066da638,retail,1,1,C2,4.666666666666667,5.0,3.6666666666666665,3.0,4.666666666666667,3.0,4.0,3.6666666666666665,4.0,3.8333333333333335,5.666666666666667,5,2
69274a99894f77b38e6867ff,financial,1,1,C1,5.666666666666667,6.5,3.6666666666666665,4.0,4.333333333333333,3.3333333333333335,3.0,4.666666666666667,4.666666666666667,4.666666666666667,5.333333333333333,4,3
66c4211e6f5609658bb50633,financial,0,0,C7,3.6666666666666665,1.5,4.833333333333333,4.666666666666667,5.0,4.666666666666667,5.0,4.0,3.0,3.5,6.0,2,3
63f0c1057f083573d83a2d62,financial,0,1,C5,4.666666666666667,4.0,4.583333333333333,4.333333333333333,5.333333333333333,5.666666666666667,3.0,4.666666666666667,4.0,4.333333333333333,5.0,5,2
692f6c63adeba02a2e3cfdfd,retail,0,1,C6,5.666666666666667,4.5,4.0,3.6666666666666665,4.666666666666667,4.333333333333333,3.3333333333333335,4.0,3.6666666666666665,3.8333333333333335,5.0,5,4
69e8d2293c983ed3e265369f,retail,0,0,C8,1.0,2.0,6.5,7.0,7.0,5.0,7.0,1.0,1.0,1.0,6.0,5,3
69ed034b9d75426608234bf7,retail,1,0,C4,4.333333333333333,6.0,5.25,5.666666666666667,5.0,5.333333333333333,5.0,4.333333333333333,3.3333333333333335,3.8333333333333335,5.333333333333333,4,4
6a19b151f885036fccd606d4,financial,0,1,C5,5.0,2.0,5.916666666666667,4.666666666666667,7.0,5.0,7.0,1.0,1.0,1.0,6.0,1,2
5da367636f69c500149e6216,financial,1,0,C3,6.0,6.0,3.6666666666666665,4.0,3.6666666666666665,5.0,2.0,6.0,5.0,5.5,6.0,2,3
63125004cc3ea6da536e34f7,retail,0,0,C8,6.0,6.5,3.25,2.0,4.0,2.0,5.0,7.0,6.666666666666667,6.833333333333333,6.0,3,3
69f07ba030ac36e6356b1d45,retail,0,1,C6,6.0,6.0,3.5,4.666666666666667,3.6666666666666665,2.6666666666666665,3.0,5.333333333333333,4.666666666666667,5.0,6.333333333333333,5,4
69e763e9f6b0318bf9fb9691,financial,1,1,C1,6.0,6.5,4.916666666666667,4.666666666666667,6.0,3.6666666666666665,5.333333333333333,3.6666666666666665,4.666666666666667,4.166666666666667,6.666666666666667,5,4
692764faaffded6b8b6857c2,retail,0,1,C6,4.666666666666667,2.0,5.5,6.0,6.666666666666667,5.333333333333333,4.0,2.0,1.3333333333333333,1.6666666666666667,6.0,3,4
6672da5e62e487247a9062fc,retail,1,0,C4,3.0,7.0,4.083333333333333,3.3333333333333335,4.0,6.0,3.0,4.666666666666667,5.0,4.833333333333333,5.333333333333333,5,3
69b1ad234580407e6fb72010,financial,0,0,C7,2.6666666666666665,3.0,5.583333333333333,6.0,6.0,6.333333333333333,4.0,2.0,1.6666666666666667,1.8333333333333333,6.0,5,2
698a1ada2351b0fe24baba95,financial,0,1,C5,5.666666666666667,2.0,5.166666666666667,6.0,5.333333333333333,5.0,4.333333333333333,5.0,3.0,4.0,6.0,3,3
5e37fef4d8843b000aeb1b8f,retail,1,0,C4,4.666666666666667,7.0,3.6666666666666665,4.333333333333333,3.0,5.333333333333333,2.0,6.0,6.0,6.0,4.666666666666667,4,3
6a0ea9941ce46dff1bffb27c,financial,1,0,C3,4.0,6.5,4.75,6.0,5.333333333333333,5.666666666666667,2.0,2.6666666666666665,2.0,2.3333333333333335,6.333333333333333,4,3
5e736cc357b79f012315e85d,financial,0,0,C7,3.6666666666666665,4.0,4.5,3.0,4.666666666666667,4.333333333333333,6.0,6.0,4.333333333333333,5.166666666666667,6.0,5,4
654d47ce26e605eb1759c26c,retail,1,1,C2,4.666666666666667,5.0,2.8333333333333335,2.0,5.333333333333333,2.0,2.0,4.666666666666667,3.3333333333333335,4.0,4.333333333333333,4,4
6a2547316108241a6fa9cd64,financial,1,1,C1,6.0,7.0,4.583333333333333,5.0,5.666666666666667,1.3333333333333333,6.333333333333333,3.6666666666666665,2.0,2.8333333333333335,5.0,5,4
69ef4e80a45e545859efb904,retail,0,1,C6,6.0,2.0,3.6666666666666665,2.0,5.333333333333333,2.0,5.333333333333333,3.0,3.0,3.0,5.333333333333333,4,3
69fc79c3c01861150c32113e,financial,0,0,C7,6.0,2.5,5.416666666666667,5.666666666666667,5.666666666666667,6.0,4.333333333333333,5.0,4.666666666666667,4.833333333333333,5.666666666666667,4,3
6a05a3a200eaf89b4552b6e2,retail,0,0,C8,5.333333333333333,5.5,2.5,2.3333333333333335,3.3333333333333335,2.0,2.3333333333333335,6.0,5.333333333333333,5.666666666666667,5.333333333333333,5,2
65ca16432ffb3f5427ae0f29,financial,1,1,C1,5.666666666666667,6.0,3.6666666666666665,4.666666666666667,2.0,3.0,5.0,6.0,5.666666666666667,5.833333333333333,5.666666666666667,5,3
697a51ee083600aaefaa5510,retail,0,1,C6,5.666666666666667,3.5,4.5,4.666666666666667,5.0,4.666666666666667,3.6666666666666665,4.666666666666667,4.333333333333333,4.5,5.333333333333333,5,4
698a3f1f8088222a13a18a23,financial,0,1,C5,5.666666666666667,3.0,5.416666666666667,6.0,6.333333333333333,5.0,4.333333333333333,4.333333333333333,4.666666666666667,4.5,5.333333333333333,5,2
6a16a864ae1a05773ff2321a,retail,0,0,C8,6.0,6.0,3.5833333333333335,3.0,5.0,2.6666666666666665,3.6666666666666665,6.0,5.333333333333333,5.666666666666667,3.6666666666666665,5,3
6a16a9f0ce973bee2afc4c45,retail,1,0,C4,4.0,7.0,3.5,4.0,7.0,1.0,2.0,3.0,2.0,2.5,5.333333333333333,5,4
6a1ec88ef332698888edd898,financial,0,0,C7,3.0,3.5,4.5,5.333333333333333,5.333333333333333,3.3333333333333335,4.0,3.3333333333333335,2.0,2.6666666666666665,4.333333333333333,4,3
69c9934f9c86818618e1f22f,retail,1,1,C2,5.333333333333333,6.0,4.0,3.6666666666666665,5.0,3.3333333333333335,4.0,3.3333333333333335,4.333333333333333,3.8333333333333335,5.333333333333333,5,3
6362045f0b5124df16bffb95,financial,1,0,C3,6.0,7.0,2.1666666666666665,1.0,2.0,2.0,3.6666666666666665,6.0,6.0,6.0,6.0,4,3
6a096c28bccaf17aa5dcdb82,financial,0,0,C7,2.6666666666666665,2.0,5.166666666666667,6.0,5.666666666666667,5.0,4.0,5.666666666666667,3.3333333333333335,4.5,7.0,4,4
69ef8ef37690b9e2cc859c5a,financial,1,0,C3,3.6666666666666665,7.0,5.666666666666667,5.333333333333333,6.0,6.333333333333333,5.0,3.6666666666666665,3.3333333333333335,3.5,7.0,4,2
6a09dffa0d8fcf9c3b43f4be,retail,1,0,C4,7.0,6.0,4.25,4.666666666666667,3.0,4.666666666666667,4.666666666666667,6.0,6.0,6.0,6.0,2,2
69e5ff740fb7cf2bb238ae36,financial,1,1,C1,5.0,6.5,4.75,4.0,5.0,4.0,6.0,4.666666666666667,4.0,4.333333333333333,6.333333333333333,5,4
69e8911f940d4bde96cade5c,retail,1,1,C2,5.333333333333333,5.0,5.333333333333333,5.666666666666667,6.333333333333333,5.666666666666667,3.6666666666666665,1.0,1.0,1.0,5.0,3,4
655d2ee952904c7e4620ba5c,financial,0,1,C5,6.0,4.0,5.0,5.333333333333333,4.333333333333333,4.333333333333333,6.0,4.666666666666667,3.6666666666666665,4.166666666666667,4.333333333333333,4,3
6a0d773e8c273a0e86087f5c,retail,0,1,C6,5.333333333333333,5.5,4.333333333333333,3.0,5.666666666666667,5.0,3.6666666666666665,2.3333333333333335,3.3333333333333335,2.8333333333333335,5.333333333333333,4,3
6a21e0ef4b72b99fc897fe8c,retail,0,0,C8,4.666666666666667,6.0,3.8333333333333335,5.666666666666667,4.333333333333333,3.3333333333333335,2.0,6.0,4.333333333333333,5.166666666666667,7.0,2,2
6a01ee7a69bc26c4dda73ad3,financial,1,1,C1,4.666666666666667,5.0,4.666666666666667,4.666666666666667,5.0,5.0,4.0,4.666666666666667,4.333333333333333,4.5,4.333333333333333,5,4
69f36ed98e7a9e23a3f8a60b,retail,0,1,C6,5.333333333333333,5.0,3.8333333333333335,2.0,6.666666666666667,3.3333333333333335,3.3333333333333335,4.0,2.0,3.0,4.333333333333333,5,4
698ae4bd9602cccd10ecca46,retail,1,0,C4,3.6666666666666665,6.0,3.5,2.0,5.0,5.0,2.0,3.6666666666666665,3.0,3.3333333333333335,5.0,3,3
6995e21b9b742b65e1572dca,retail,0,0,C8,4.666666666666667,6.0,2.8333333333333335,2.6666666666666665,3.0,2.3333333333333335,3.3333333333333335,6.0,6.333333333333333,6.166666666666667,5.666666666666667,4,5
6a183fdab8d690b42d56ce7f,retail,1,1,C2,4.333333333333333,5.0,4.166666666666667,4.333333333333333,5.333333333333333,3.0,4.0,2.0,4.0,3.0,4.666666666666667,4,3
6a204b4917f86a1784273847,financial,1,0,C3,4.0,7.0,5.416666666666667,6.333333333333333,7.0,2.3333333333333335,6.0,3.6666666666666665,2.0,2.8333333333333335,3.6666666666666665,5,2
6a1165f47b8503855fc81a87,financial,0,0,C7,4.666666666666667,7.0,3.1666666666666665,2.3333333333333335,3.0,3.3333333333333335,4.0,5.333333333333333,4.666666666666667,5.0,5.0,4,3
6a159b851ebfdb7e25b1ce6e,financial,0,1,C5,6.333333333333333,6.0,5.75,5.666666666666667,7.0,5.333333333333333,5.0,2.0,2.6666666666666665,2.3333333333333335,4.0,5,3
69ef96af98b4f681cd43ddf8,retail,0,0,C8,4.666666666666667,6.5,3.5833333333333335,2.0,3.0,5.333333333333333,4.0,4.666666666666667,5.666666666666667,5.166666666666667,6.0,3,3
6164e733437ff368b69b57da,retail,1,0,C4,3.6666666666666665,4.0,3.1666666666666665,2.0,4.0,4.333333333333333,2.3333333333333335,5.0,4.333333333333333,4.666666666666667,5.0,5,4
69666b7fa7a666c0b30aa0a3,financial,0,0,C7,4.0,1.0,6.083333333333333,7.0,6.333333333333333,5.0,6.0,2.0,1.0,1.5,5.333333333333333,2,2
6966651c820577bfacf44ea2,financial,1,1,C1,4.666666666666667,5.5,6.25,5.333333333333333,7.0,6.0,6.666666666666667,4.0,2.3333333333333335,3.1666666666666665,5.666666666666667,4,4
69cb991d6385ee5cfee3d885,retail,1,0,C4,4.666666666666667,6.5,4.833333333333333,4.0,6.333333333333333,5.666666666666667,3.3333333333333335,2.3333333333333335,2.0,2.1666666666666665,5.333333333333333,4,3
69fc7e041b2cc15b23cec022,retail,1,1,C2,7.0,6.5,4.5,2.6666666666666665,4.666666666666667,5.333333333333333,5.333333333333333,5.333333333333333,4.0,4.666666666666667,6.666666666666667,2,4
69cb8dadb358f7b7af2e66ca,financial,0,1,C5,6.333333333333333,2.0,5.0,4.0,5.666666666666667,5.666666666666667,4.666666666666667,4.333333333333333,4.0,4.166666666666667,5.333333333333333,4,2
697b5dcf647c14a606e5e9c2,retail,0,1,C6,6.0,4.5,2.9166666666666665,2.0,3.3333333333333335,2.0,4.333333333333333,5.666666666666667,6.0,5.833333333333333,6.0,4,3
6998df582811cec4df1b1c1c,retail,1,1,C2,1.6666666666666667,6.5,4.166666666666667,2.3333333333333335,5.666666666666667,1.6666666666666667,7.0,3.6666666666666665,1.3333333333333333,2.5,6.0,1,3
692851110526034ed5a8dd6c,financial,1,0,C3,5.666666666666667,7.0,2.9166666666666665,2.6666666666666665,2.3333333333333335,3.3333333333333335,3.3333333333333335,6.0,6.0,6.0,5.666666666666667,4,2
69ca3021aadb821ca65a326f,retail,0,0,C8,3.0,5.0,4.5,4.0,5.0,5.0,4.0,4.0,4.0,4.0,5.333333333333333,4,4
655bbecb0d8b30cadb68b505,financial,1,0,C3,6.333333333333333,7.0,1.0,1.0,1.0,1.0,1.0,7.0,7.0,7.0,7.0,1,3
58b00b4566d1330001eebb5b,financial,1,1,C1,7.0,7.0,4.666666666666667,5.0,4.0,4.666666666666667,5.0,6.0,5.0,5.5,6.0,4,3
6a1d654cb8d94cf2775e7cd8,financial,0,0,C7,6.0,2.0,3.4166666666666665,4.0,5.0,2.6666666666666665,2.0,6.0,5.333333333333333,5.666666666666667,6.333333333333333,5,3
69cf94149773de2e7938ad19,retail,1,0,C4,2.6666666666666665,6.0,6.0,6.0,6.0,6.0,6.0,3.3333333333333335,3.6666666666666665,3.5,6.0,4,4
6a04d4c960684c10d61961b7,financial,0,1,C5,6.0,6.0,3.9166666666666665,3.0,3.3333333333333335,4.666666666666667,4.666666666666667,5.333333333333333,5.0,5.166666666666667,6.666666666666667,2,3
6a17125e2d545faae180ff81,retail,0,1,C6,6.666666666666667,5.5,4.666666666666667,4.0,5.333333333333333,4.666666666666667,4.666666666666667,5.0,4.666666666666667,4.833333333333333,5.0,5,3
6a033a9637f30ca49d2d3f58,retail,0,1,C6,6.0,3.5,5.333333333333333,5.0,6.0,5.0,5.333333333333333,5.666666666666667,5.333333333333333,5.5,6.0,5,3
6a117f404912e3e240b13a7f,financial,0,1,C5,7.0,3.5,4.5,4.0,4.666666666666667,5.333333333333333,4.0,6.0,4.333333333333333,5.166666666666667,5.333333333333333,5,2
663fadf96202298784d3711a,retail,1,1,C2,5.333333333333333,6.5,4.75,5.666666666666667,7.0,3.3333333333333335,3.0,4.666666666666667,3.0,3.8333333333333335,6.333333333333333,5,3
696ca760985da308a9f2bc12,retail,0,0,C8,6.0,3.5,5.5,6.0,5.0,5.0,6.0,6.0,6.0,6.0,5.333333333333333,5,3
6a1b0f499d69786f5c514a03,financial,1,0,C3,4.0,5.5,4.083333333333333,3.3333333333333335,5.0,3.6666666666666665,4.333333333333333,6.0,6.0,6.0,6.333333333333333,4,2
69ff9d7076475d296b514955,financial,1,1,C1,5.666666666666667,7.0,4.75,3.6666666666666665,5.333333333333333,5.0,5.0,4.666666666666667,3.3333333333333335,4.0,5.666666666666667,4,3
69f2149486a63e532844a48b,retail,1,0,C4,4.333333333333333,6.0,4.5,4.333333333333333,5.666666666666667,2.6666666666666665,5.333333333333333,2.3333333333333335,1.0,1.6666666666666667,5.333333333333333,4,3
6406ea8bbdb565980ef7939a,financial,1,0,C3,3.6666666666666665,7.0,4.666666666666667,5.666666666666667,5.0,3.6666666666666665,4.333333333333333,4.333333333333333,3.0,3.6666666666666665,5.333333333333333,5,2
6969fb3ec6941c33336b65d3,financial,0,1,C5,6.333333333333333,6.0,3.6666666666666665,2.0,5.333333333333333,3.6666666666666665,3.6666666666666665,3.3333333333333335,4.666666666666667,4.0,5.333333333333333,5,4
65f9c429b4250d6ff22d75c0,financial,1,1,C1,4.666666666666667,6.0,5.75,6.333333333333333,6.0,5.333333333333333,5.333333333333333,4.333333333333333,3.0,3.6666666666666665,5.666666666666667,4,4
69f5a04ce54bbd349d0c9eff,financial,0,0,C7,4.666666666666667,4.5,2.9166666666666665,4.0,3.3333333333333335,3.3333333333333335,1.0,6.0,5.666666666666667,5.833333333333333,5.333333333333333,4,3
